Ticker,Période,Période_détail,CA_PNB,Total Bilan,RE_RBE,Résultat Net,Capitaux propres
ABJC,1998,An,5058145257.0,4097845874.0,380331784.0,184506103.0,2837358174.0
BICC,1998,An,27987000000.0,345200000000.0,10773000000.0,3025000000.0,36531123162.0
BNBC,1998,An,16639404194.0,11803563000.0,1898663000.0,1134387797.0,8037583780.0
BOAB,1998,An,6486000000.0,129334910634.0,3597656000.0,1924257000.0,12971414344.0
BOAN,1998,An,,24438568846.0,,357842928.0,3157307680.0
CABC,1998,An,,8146936895.0,2005195931.0,1455008464.0,4762772688.0
ABJC,1999,An,5775785430.0,3328678277.0,1272009711.0,186424881.0,2250123111.0
BICC,1999,An,27951000000.0,337243000000.0,8182000000.0,3006000000.0,37325723010.0
BNBC,1999,An,13217340241.0,13455632511.0,1239073113.0,815301346.0,8133605126.0
BOAB,1999,An,6902000000.0,147319932526.0,3064424007.0,1903193403.0,14237402822.0
BOAN,1999,An,1613000000.0,18980888475.0,207605290.0,188647521.0,2775604925.0
CABC,1999,An,,7183004987.0,1338347143.0,978694229.0,4714942424.0
ABJC,2000,An,5071380830.0,3619773484.0,340819340.0,569412186.0,1637519925.0
BICC,2000,An,28231000000.0,343801433438.0,8468000000.0,3608000000.0,36391283144.0
BNBC,2000,An,10686961352.0,12583413597.0,261560431.0,114423528.0,7512788654.0
BOAB,2000,An,7924000000.0,176978391520.0,3653184859.0,2606102219.0,16430384504.0
BOAN,2000,An,1763000000.0,20893949362.0,481365550.0,301786602.0,3048282066.0
CABC,2000,An,,7379494557.0,-113117221.0,-156696564.0,3777515820.0
ABJC,2001,An,4756501501.0,2837696772.0,-361408513.0,-255797450.0,1381722475.0
BICC,2001,An,29873000000.0,314842000000.0,10368000000.0,3005000000.0,42393494294.0
BNBC,2001,An,9841511293.0,12430062341.0,536183708.0,152774611.0,6946883265.0
BOAB,2001,An,9853000000.0,222361324460.0,5080608627.0,3064195447.0,18637247609.0
BOAN,2001,An,1827000000.0,25645000000.0,341143306.0,244345041.0,3054844873.0
CABC,2001,An,5317167020.0,5727654319.0,123079481.0,115484084.0,3841492934.0
ABJC,2002,An,4414793456.0,2743118359.0,85836007.0,81518672.0,1463241147.0
BICC,2002,An,25236000000.0,284115000000.0,4676000000.0,574000000.0,
BNBC,2002,An,9219316881.0,11683127013.0,251183708.0,204094701.0,62440760222.0
BOAB,2002,An,,234343898839.0,,,22542667675.0
BOAN,2002,An,,28453708135.0,538986824.0,337119478.0,3310515745.0
CABC,2002,An,4600826188.0,5104775813.0,-138590485.0,-131378630.0,3568398487.0
ABJC,2003,An,3966023075.0,2743118359.0,104506832.0,86332514.0,1549573661.0
BICC,2003,An,25674000000.0,266380000000.0,6085000000.0,-1923000000.0,37714691709.0
BOAB,2003,An,,248087744932.0,5778907324.0,1775201849.0,21004165131.0
BOAN,2003,An,2111000000.0,26668248035.0,522638278.0,416752035.0,3183958116.0
CABC,2003,An,4847285986.0,5490478876.0,83487751.0,80267765.0,3374475580.0
ABJC,2004,An,3841861123.0,2294134915.0,19635977.0,-113921275.0,1435652386.0
BICC,2004,An,23212000000.0,276432133724.0,5907000000.0,4205000000.0,41906497079.0
BOAB,2004,An,12728000000.0,263422592369.0,6118878379.0,2259111040.0,25118276171.0
BOAN,2004,An,2527000000.0,32810313210.0,932063381.0,454301687.0,3465139557.0
CABC,2004,An,7149334977.0,5776873878.0,54306514.0,-9509709.0,3402796069.0
ABJC,2005,An,2943499455.0,1906313057.0,-551681494.0,-557209359.0,865443027.0
BICC,2005,An,22357000000.0,248475707620.0,4901000000.0,-1211000000.0,33817256076.0
BOAB,2005,An,13825000000.0,281714903556.0,6515166799.0,2188455090.0,26406731261.0
BOAN,2005,An,3110000000.0,39755587765.0,1213276294.0,434413481.0,3786529128.0
CABC,2005,An,5912366408.0,5589077402.0,-172768496.0,-287889677.0,3087844266.0
ABJC,2006,An,3084034346.0,1670719443.0,-300348742.0,-314213065.0,554229961.0
BICC,2006,An,22803000000.0,271954292079.0,5342000000.0,5198000000.0,37485601382.0
BNBC,2006,An,12199356351.0,,833281863.0,600533208.0,7183731070.0
BOAB,2006,An,,255257988854.0,5982914531.0,546847351.0,27403578612.0
BOAN,2006,An,4007000000.0,45710489202.0,1871122830.0,803000000.0,4374475798.0
CABC,2006,An,5717838392.0,5022587716.0,45767083.0,61575767.0,3284580779.0
ABJC,2007,An,3170777762.0,1516785349.0,-254099901.0,-266327257.0,287902704.0
BICC,2007,An,24744000000.0,307224000000.0,5852000000.0,4727000000.0,38741000000.0
BNBC,2007,An,18688274147.0,20742650123.0,1595635401.0,1122154056.0,8022774036.0
BOAB,2007,An,17796000000.0,349020211995.0,9474018119.0,3211963447.0,30565542059.0
BOAN,2007,An,4703000000.0,70541921829.0,2206986269.0,1067714950.0,5193906998.0
CABC,2007,An,9682151905.0,6823034641.0,622142407.0,435371317.0,3648404892.0
ABJC,2008,An,3656296208.0,1751103201.0,79082859.0,64852365.0,352755069.0
BICC,2008,An,27623000000.0,324912053193.0,9169000000.0,8137000000.0,42083721373.0
BNBC,2008,An,31250043791.0,,,,
BOAB,2008,An,22191000000.0,428399136517.0,12385081192.0,6004406328.0,37923766217.0
BOAN,2008,An,6376000000.0,94250271487.0,3465612998.0,1342001319.0,7449968601.0
CABC,2008,An,10119271467.0,6248797807.0,733061762.0,359161433.0,3671942108.0
ABJC,2009,An,4440944477.0,2524466634.0,486185726.0,441185574.0,1293940643.0
BICC,2009,An,28203000000.0,322766646092.0,8634000000.0,9596000000.0,45198588719.0
BNBC,2009,An,25701013329.0,,,,
BOAB,2009,An,26646116303.0,491095129474.0,15307040022.0,6584133232.0,43707899449.0
BOABF,2009,An,9904238873.0,176378766395.0,4412700656.0,2272138331.0,12135772494.0
BOAC,2009,An,10948981290.0,183995375213.0,4479707479.0,1827691606.0,11418907131.0
BOAN,2009,An,6762157428.0,110414688760.0,3509971493.0,1619114819.0,10795494996.0
CABC,2009,An,7105247747.0,8818087105.0,1151320572.0,641136365.0,4204555416.0
ABJC,2010,An,4090881385.0,2078506241.0,-246806568.0,-253149754.0,1040790889.0
BICC,2010,An,28438000000.0,362673000000.0,8986000000.0,800000000.0,44032136130.0
BNBC,2010,An,25482396761.0,,1841743506.0,1174596961.0,10407515914.0
BOAB,2010,An,28684604338.0,487270637706.0,15654480940.0,6582856084.0,51648504375.0
BOABF,2010,An,12337719695.0,228507510974.0,5695255665.0,3064001883.0,17330774377.0
BOAC,2010,An,10389826136.0,211114286594.0,2818550531.0,1759949476.0,14904109395.0
BOAN,2010,An,7122281968.0,139364361117.0,3222854846.0,2211491671.0,13631986667.0
CABC,2010,An,9389730903.0,9227905715.0,611686056.0,627280352.0,4605679336.0
ABJC,2011,An,2383578504.0,2027753027.0,-93723687.0,-48431777.0,992359112.0
BICC,2011,An,25441000000.0,383099000000.0,5057000000.0,2254000000.0,45252649919.0
BNBC,2011,An,27810398405.0,23388593477.0,1572928248.0,1769910590.0,11010011414.0
BOAB,2011,An,31627434096.0,551466541573.0,17386501136.0,7622546456.0,55736436250.0
BOABF,2011,An,15977729111.0,285949493567.0,8563647325.0,4897698202.0,22878472576.0
BOAC,2011,An,10014000000.0,213900000000.0,2763000000.0,-487000000.0,14448656108.0
BOAN,2011,An,8855428804.0,158544768316.0,4126026494.0,2764921320.0,18046907987.0
BOAS,2011,An,7331000000.0,134423000000.0,2744000000.0,2040000000.0,12585537265.0
CABC,2011,An,5989064872.0,8031958062.0,461065123.0,341332623.0,4088367910.0
ABJC,2012,An,3637838558.0,2246858831.0,268422880.0,185348742.0,1177707854.0
BICC,2012,An,26905000000.0,414982000000.0,6110000000.0,5234000000.0,46191101586.0
BNBC,2012,An,36597627434.0,27298808806.0,2747290812.0,2052431675.0,11547267999.0
BOAB,2012,An,32816778708.0,617867825978.0,16998439029.0,7826187450.0,57893414814.0
BOABF,2012,An,20574748182.0,348130404306.0,11466214957.0,7916249677.0,28954722253.0
BOAC,2012,An,12990830419.0,271331167038.0,4606200967.0,3118638843.0,10676372795.0
BOAN,2012,An,10080282525.0,187871342076.0,4575312737.0,3144147502.0,19591055489.0
BOAS,2012,An,8964000000.0,156829000000.0,3669000000.0,2364000000.0,16099670930.0
CABC,2012,An,8250403441.0,8610116181.0,1338518836.0,970832267.0,4695309786.0
ABJC,2013,An,5936997134.0,3181279630.0,941747038.0,650949363.0,1828687217.0
BICC,2013,An,32655000000.0,428742000000.0,9638000000.0,9269000000.0,50163555209.0
BNBC,2013,An,35277617152.0,32554391492.0,,,11745118829.0
BOAB,2013,An,30147051876.0,648427574471.0,13878836395.0,5533626757.0,52831100079.0
BOABF,2013,An,25023906115.0,414027235113.0,14636993989.0,10153066598.0,34145388851.0
BOAC,2013,An,16836000000.0,355080000000.0,7068000000.0,5051000000.0,20785000000.0
BOAN,2013,An,11765509963.0,192790915994.0,5615819602.0,3864782222.0,22905837711.0
BOAS,2013,An,11280217836.0,192358000000.0,4948805488.0,2650000000.0,19344845368.0
CABC,2013,An,10353943433.0,8620731990.0,1348684079.0,1015630579.0,4691995358.0
ABJC,2014,An,7783199327.0,4492661242.0,1696901810.0,1249227422.0,2805084639.0
BICC,2014,An,37976000000.0,514528000000.0,14107000000.0,10106000000.0,50618000000.0
BNBC,2014,An,39015142379.0,39015142379.0,,,
BOAB,2014,An,34479413987.0,773206878387.0,17287395301.0,11939703761.0,60897265111.0
BOABF,2014,An,26686397417.0,497141386297.0,14707107973.0,10478334672.0,44127723523.0
BOAC,2014,An,24900000000.0,691246000000.0,13500000000.0,8100000000.0,30541000000.0
BOAN,2014,An,14347329289.0,233126138696.0,7548443857.0,5096214126.0,25174133373.0
BOAS,2014,An,16143000000.0,285085000000.0,7358000000.0,3376000000.0,26560231211.0
CABC,2014,An,11045519445.0,9636935831.0,948870009.0,700188579.0,4533992077.0
ABJC,2015,An,10798118386.0,8415117319.0,2180387359.0,1582327569.0,3841812208.0
BICC,2015,An,38328000000.0,594718000000.0,12794000000.0,9202000000.0,53634000000.0
BNBC,2015,An,44696928000.0,38685920000.0,3511022000.0,2343210000.0,12266101000.0
BOAB,2015,An,39186000000.0,850524000000.0,20061000000.0,12533000000.0,65072108167.0
BOABF,2015,An,31317000000.0,656797000000.0,17288000000.0,12028000000.0,49527970028.0
BOAC,2015,An,25269000000.0,607138000000.0,11806000000.0,8240000000.0,34255000000.0
BOAM,2015,An,30210000000.0,535666000000.0,13715000000.0,7126000000.0,38009555419.0
BOAN,2015,An,18053000000.0,262944000000.0,9887000000.0,5795000000.0,27402154395.0
BOAS,2015,An,16971000000.0,361877000000.0,6163000000.0,2079000000.0,26278888676.0
CABC,2015,An,13039493879.0,9155147794.0,1322145141.0,701167520.0,4996398266.0
CBIBF,2015,An,33505000000.0,648214000000.0,23486000000.0,15000000000.0,60544000000.0
CFAC,2015,An,75268877329.0,59589799995.0,6177515567.0,4630508748.0,21737714109.0
CIEC,2015,An,500367000000.0,848845000000.0,10815241000.0,8219879000.0,
ECOC,2015,An,65390000000.0,1071490000000.0,,16961000000.0,58952431000.0
ETIT,2015,An,1251150000000.0,23553900000000.0,,107464000000.0,
FTSC,2015,An,46758815000.0,57476312000.0,3314092000.0,3929175000.0,
NEIC,2015,An,,8959577337.0,-791234999.0,-346599298.0,
NSBC,2015,An,48143000000.0,750062000000.0,16763000000.0,14296000000.0,51194000000.0
NTLC,2015,An,136318000000.0,129951000000.0,8796692227.0,3135116948.0,
ONTBF,2015,An,144774000000.0,198177000000.0,38432698000.0,25277775000.0,
ORGT,2015,An,78923848000.0,1492920000000.0,12990000000.0,7972000000.0,103018000000.0
PALC,2015,An,116473000000.0,148028000000.0,2487649483.0,-482713689.0,
PRSC,2015,An,55789241000.0,31767185000.0,4209188000.0,2781913000.0,
SAFC,2015,An,,65144000000.0,,71000000.0,
SCRC,2015,An,47728000000.0,74490000000.0,8442000000.0,5867000000.0,48896000000.0
SDCC,2015,An,87928604000.0,163830000000.0,4673360000.0,3291132000.0,
SDSC,2015,An,83269203000.0,105774000000.0,3314092000.0,7328376000.0,
SEMC,2015,An,17775341000.0,14849844000.0,1093219000.0,784533000.0,
SGBC,2015,An,81250000000.0,1137670000000.0,,27028000000.0,
SHEC,2015,An,276369000000.0,89672964000.0,5347222000.0,3265657000.0,
SIBC,2015,An,43685000000.0,747276000000.0,21504000000.0,14812000000.0,52435000000.0
SICC,2015,An,861192787.0,1521953318.0,176248418.0,434869656.0,
SIVC,2015,An,8064657885.0,12451723148.0,517800232.0,355537679.0,
SLBC,2015,An,184089000000.0,191090000000.0,29798000000.0,22619000000.0,
SMBC,2015,An,133378000000.0,76217000000.0,8963000000.0,5535000000.0,
SNTS,2015,An,863291000000.0,1213070000000.0,327790000000.0,221089000000.0,
SOGC,2015,An,53473814000.0,82035084000.0,8689545000.0,5993089000.0,
SPHC,2015,An,97449044000.0,126607000000.0,645738000.0,-1779526000.0,
STAC,2015,An,6692011000.0,6654825000.0,479349000.0,340110000.0,
STBC,2015,An,90972011304.0,45517415680.0,15822962606.0,9195626765.0,
SVOC,2015,An,11069000000.0,18892000000.0,-878000000.0,-1292000000.0,
TTLC,2015,An,324279000000.0,99149000000.0,10683000000.0,5415000000.0,
TTLS,2015,An,357211000000.0,122127000000.0,4384414000.0,3953008000.0,20440214193.0
UNLC,2015,An,55909256000.0,60711541000.0,-5302366000.0,-2611303000.0,
UNXC,2015,An,39395242707.0,24324511919.0,7270927797.0,4357587242.0,
ABJC,2016,An,12069724684.0,8590820550.0,1551890657.0,1047333230.0,3797945438.0
BICC,2016,An,42323000000.0,643083000000.0,17466000000.0,12047000000.0,58907792362.0
BNBC,2016,An,44600727000.0,37704140000.0,3723202000.0,2393412000.0,12628487000.0
BOAB,2016,An,39335000000.0,932977000000.0,18728000000.0,16139000000.0,72438241947.0
BOABF,2016,An,33685000000.0,714127000000.0,17513000000.0,12443000000.0,54398016622.0
BOAC,2016,An,29006000000.0,623026000000.0,14751000000.0,10149000000.0,39012885866.0
BOAM,2016,An,29747000000.0,514000000000.0,11761000000.0,9403000000.0,41267577164.0
BOAN,2016,An,19087000000.0,286739000000.0,9850000000.0,6600000000.0,29410854462.0
BOAS,2016,An,21985000000.0,521726000000.0,10739000000.0,4051000000.0,29330071067.0
CABC,2016,An,10472392103.0,10259498642.0,884627483.0,597612951.0,5398033820.0
CBIBF,2016,An,33737000000.0,884998000000.0,21849000000.0,16380000000.0,105312000000.0
CFAC,2016,An,65079283129.0,50368555628.0,5794061784.0,4094266129.0,21201555631.0
CIEC,2016,An,589635000000.0,1048200000000.0,14210307000.0,10780309000.0,
ECOC,2016,An,69997000000.0,1332410000000.0,,21898000000.0,70720245000.0
ETIT,2016,An,1178440000000.0,12763800000000.0,,-122464000000.0,
FTSC,2016,An,40188913000.0,54488990000.0,2157441000.0,2455733000.0,
NEIC,2016,An,3350791142.0,4869324580.0,-1412161570.0,-124705870.0,
NSBC,2016,An,58691000000.0,843226000000.0,23891000000.0,17120000000.0,59199000000.0
NTLC,2016,An,128912000000.0,150708000000.0,4110322172.0,1081956120.0,
ONTBF,2016,An,157472000000.0,193948000000.0,40729790000.0,24043621000.0,
ORGT,2016,An,88818000000.0,1637500000000.0,27834000000.0,15150000000.0,118659000000.0
PALC,2016,An,115126000000.0,131814000000.0,7411484822.0,4132788998.0,
PRSC,2016,An,55652275000.0,33564901000.0,3081699000.0,2016938000.0,
SAFC,2016,An,,68038000000.0,,-452000000.0,
SCRC,2016,An,52799000000.0,79787000000.0,6471000000.0,4269000000.0,49160000000.0
SDCC,2016,An,87982585000.0,171160000000.0,3535852000.0,2707132000.0,
SDSC,2016,An,85335247000.0,110503000000.0,6252750000.0,10122716000.0,
SEMC,2016,An,17707928000.0,14636111000.0,728416000.0,474085000.0,
SGBC,2016,An,89825000000.0,1421920000000.0,,35430000000.0,
SHEC,2016,An,271009000000.0,97502448000.0,7131935000.0,4388766000.0,
SIBC,2016,An,50732000000.0,906911000000.0,25318000000.0,17091000000.0,59456000000.0
SICC,2016,An,1936644069.0,3576424374.0,194461430.0,200831393.0,
SIVC,2016,An,7587239092.0,16984520334.0,-121898110.0,69103740.0,
SLBC,2016,An,191441000000.0,179908000000.0,36558000000.0,27563000000.0,
SMBC,2016,An,92255000000.0,83466000000.0,9180000000.0,6860000000.0,
SNTS,2016,An,905036000000.0,1391300000000.0,323158000000.0,215880000000.0,
SOGC,2016,An,56226765000.0,86500195000.0,8391781000.0,6157146000.0,
SPHC,2016,An,112964000000.0,131081000000.0,3913606000.0,1169859000.0,
STAC,2016,An,4490983000.0,5430269000.0,39691000.0,1112869000.0,
STBC,2016,An,59659204222.0,26223846616.0,5520198745.0,2979331795.0,
SVOC,2016,An,10216000000.0,14693000000.0,-298000000.0,-688000000.0,
TTLC,2016,An,334827000000.0,106898000000.0,12775000000.0,8886000000.0,
TTLS,2016,An,293541000000.0,108840000000.0,2118493000.0,-48280000.0,17070645075.0
UNLC,2016,An,57489135000.0,75558659000.0,-7370420000.0,-10633332000.0,
UNXC,2016,An,37163772757.0,29918909280.0,6427250452.0,4087002631.0,
ABJC,2017,An,13367430980.0,9576510834.0,910336320.0,992622642.0,4190408080.0
BICC,2017,An,48767000000.0,647647000000.0,18748000000.0,9287000000.0,
BNBC,2017,An,41351033000.0,39880242000.0,3419661000.0,2101853000.0,13526571000.0
BOAB,2017,An,42156000000.0,972549000000.0,18494000000.0,12523000000.0,76247691031.0
BOABF,2017,An,36417000000.0,752982000000.0,18854000000.0,12713000000.0,58458927320.0
BOAC,2017,An,30063000000.0,640023000000.0,13911000000.0,9879000000.0,40387000000.0
BOAM,2017,An,29590000000.0,455294000000.0,10171000000.0,4262000000.0,39230161541.0
BOAN,2017,An,19626000000.0,294499000000.0,9911000000.0,7284000000.0,30354032805.0
BOAS,2017,An,24819000000.0,459147000000.0,10609000000.0,11389000000.0,34093000000.0
CABC,2017,An,12476755925.0,11575103681.0,1353230250.0,980205997.0,6128667594.0
CBIBF,2017,An,45269000000.0,1132010000000.0,29218000000.0,19571000000.0,115736000000.0
CFAC,2017,An,89981777048.0,58019897268.0,5941098870.0,4067139922.0,21173318051.0
CIEC,2017,An,593261000000.0,890900000000.0,3562398000.0,1986976000.0,
ECOC,2017,An,74117000000.0,1481550000000.0,33100000000.0,22835000000.0,126398732000.0
ETIT,2017,An,1014870000000.0,12269000000000.0,387756000000.0,126656000000.0,
FTSC,2017,An,46320367000.0,58000496000.0,2982073000.0,2492106000.0,
NEIC,2017,An,6008474693.0,5827748949.0,547722429.0,505507847.0,
NSBC,2017,An,62672000000.0,1013260000000.0,22840000000.0,10015000000.0,88298000000.0
NTLC,2017,An,148480000000.0,145637000000.0,951839489.0,-4307648559.0,
ONTBF,2017,An,162723000000.0,191724000000.0,43558482000.0,28284547000.0,
ORGT,2017,An,104272376000.0,1794200000000.0,27391000000.0,21972000000.0,133262546000.0
PALC,2017,An,134796000000.0,127546000000.0,12469842966.0,8707734117.0,
PRSC,2017,An,51186628000.0,35717569000.0,1561676000.0,682661000.0,
SAFC,2017,An,,71744000000.0,-2858000000.0,-2932000000.0,
SCRC,2017,An,56162000000.0,91140000000.0,3833000000.0,3147000000.0,49317798582.0
SDCC,2017,An,91269535000.0,194876000000.0,2262877000.0,2722632000.0,
SDSC,2017,An,90321343000.0,124080000000.0,8063862000.0,13143413000.0,
SEMC,2017,An,19774366000.0,20186275000.0,403858000.0,149569000.0,
SGBC,2017,An,112757000000.0,1655350000000.0,55756000000.0,39896000000.0,
SHEC,2017,An,311414000000.0,92328185000.0,7593509000.0,5004540000.0,
SIBC,2017,An,56747000000.0,989868000000.0,29211000000.0,22530000000.0,74752000000.0
SICC,2017,An,1105303043.0,3680132932.0,129788224.0,100567494.0,
SIVC,2017,An,7530357170.0,18479955915.0,-974423080.0,-990908826.0,
SLBC,2017,An,193372000000.0,258729000000.0,7642000000.0,4250000000.0,
SMBC,2017,An,90262000000.0,89093000000.0,11235000000.0,7506000000.0,
SNTS,2017,An,972905000000.0,1595660000000.0,307787000000.0,202186000000.0,
SOGC,2017,An,70043206000.0,87393833000.0,14682214000.0,10427997000.0,
SPHC,2017,An,151979000000.0,137320000000.0,17823966000.0,12860964000.0,
STAC,2017,An,3866311000.0,3856937000.0,619367000.0,877060000.0,
STBC,2017,An,67200676222.0,28338404970.0,-3439795432.0,-4581144501.0,
SVOC,2017,An,12678000000.0,17333000000.0,892000000.0,-836000000.0,
TTLC,2017,An,362203000000.0,123059000000.0,15152000000.0,10422000000.0,
TTLS,2017,An,309648000000.0,110904000000.0,7606367000.0,4156435000.0,19598194880.0
UNLC,2017,An,60003768000.0,68060000000.0,-1644971000.0,-3590565000.0,
UNXC,2017,An,37667297908.0,32294593278.0,5434823525.0,4013814057.0,
ABJC,2018,An,12217280182.0,8651487602.0,2012163156.0,1509605657.0,4500013737.0
BICC,2018,An,48787000000.0,677786000000.0,16424000000.0,9793000000.0,65092000000.0
BNBC,2018,An,44349634000.0,48170096000.0,2528676000.0,1650101000.0,14448578209.0
BOAB,2018,An,39387000000.0,861015000000.0,16858000000.0,12724000000.0,79714322882.0
BOABF,2018,An,39643000000.0,790804000000.0,20846000000.0,17293000000.0,66820394010.0
BOAC,2018,An,32833000000.0,576928000000.0,13763000000.0,11699000000.0,45531000000.0
BOAM,2018,An,29726000000.0,484979000000.0,6257000000.0,6340000000.0,38117611026.0
BOAN,2018,An,20630000000.0,300491000000.0,10376000000.0,7666000000.0,32716309061.0
BOAS,2018,An,24949000000.0,449936000000.0,8837000000.0,8508000000.0,38335000000.0
CABC,2018,An,13290994189.0,13155114989.0,607549388.0,762719881.0,5919163852.0
CBIBF,2018,An,56705000000.0,1152250000000.0,34269000000.0,24531000000.0,
CFAC,2018,An,97870689715.0,55583491203.0,8327956428.0,6489294992.0,25667522143.0
CIEC,2018,An,587236000000.0,928359000000.0,6976049000.0,4929701000.0,
ECOC,2018,An,84822000000.0,1467880000000.0,38920000000.0,20707000000.0,109479000000.0
ETIT,2018,An,1014370000000.0,12891500000000.0,390374000000.0,138487000000.0,
FTSC,2018,An,43898979000.0,56064645000.0,2260417000.0,1682581000.0,
NEIC,2018,An,8106737783.0,7468789431.0,998042475.0,774874633.0,
NSBC,2018,An,67762000000.0,1084730000000.0,25368000000.0,12196000000.0,88564000000.0
NTLC,2018,An,142871000000.0,121740000000.0,6812464871.0,819348971.0,
ONTBF,2018,An,159027000000.0,200273000000.0,45955025000.0,31814300000.0,
ORGT,2018,An,107687000000.0,2159900000000.0,17265000000.0,12491000000.0,129567000000.0
PALC,2018,An,100793000000.0,117299000000.0,-11605542144.0,-12612926295.0,
PRSC,2018,An,51556000000.0,36767591000.0,3038000000.0,2012751000.0,
SAFC,2018,An,,62861000000.0,148000000.0,67000000.0,
SCRC,2018,An,56187000000.0,93617000000.0,1508000000.0,-301000000.0,47448593674.0
SDCC,2018,An,98432703000.0,211329000000.0,3825358000.0,2863674000.0,
SDSC,2018,An,89298914000.0,124996000000.0,3835243000.0,10408503000.0,
SEMC,2018,An,19797267000.0,20201694000.0,336187000.0,-74528000.0,
SGBC,2018,An,127970000000.0,1902580000000.0,63454000000.0,41841000000.0,
SHEC,2018,An,347717000000.0,100128000000.0,8041403000.0,5389160000.0,
SIBC,2018,An,65941000000.0,1069790000000.0,35360000000.0,23200000000.0,87449000000.0
SICC,2018,An,1393219028.0,3933301419.0,103323999.0,989401440.0,
SIVC,2018,An,7446826835.0,18031095309.0,-13346446.0,-81836547.0,
SLBC,2018,An,202816000000.0,271179000000.0,7107000000.0,1305000000.0,
SMBC,2018,An,134198000000.0,99817000000.0,11376000000.0,7877000000.0,
SNTS,2018,An,1098700000000.0,1676180000000.0,307611000000.0,187091000000.0,
SOGC,2018,An,56700298000.0,86506526000.0,4418294000.0,2977497000.0,
SPHC,2018,An,129855000000.0,135042000000.0,2071630000.0,-847996000.0,
STAC,2018,An,7139448000.0,8979086000.0,444621000.0,365742000.0,
STBC,2018,An,76802068329.0,21591993716.0,-1845120794.0,-2294782224.0,
SVOC,2018,An,14289000000.0,25410000000.0,-82000000.0,170000000.0,
TTLC,2018,An,425051000000.0,141579000000.0,15097000000.0,11523000000.0,
TTLS,2018,An,382175000000.0,141007000000.0,11052739000.0,6342187000.0,23904275000.0
UNLC,2018,An,55517396000.0,69254000000.0,-6659251000.0,-4077214000.0,
UNXC,2018,An,38977247633.0,35436275511.0,5511306420.0,4197877975.0,
ABJC,2019,An,12195637944.0,8083601728.0,1995167508.0,1532787784.0,4032801521.0
BICC,2019,An,45937000000.0,748861000000.0,13880000000.0,-3612000000.0,58147000000.0
BNBC,2019,An,41285545000.0,45293541000.0,944286000.0,423125000.0,14791000000.0
BOAB,2019,An,41388000000.0,920808000000.0,18698000000.0,15002000000.0,85833358976.0
BOABF,2019,An,42708000000.0,867213000000.0,23391000000.0,18511000000.0,76129475212.0
BOAC,2019,An,35375000000.0,608499000000.0,15855000000.0,14382000000.0,53113000000.0
BOAM,2019,An,32055000000.0,577348000000.0,9176000000.0,-6987000000.0,26311363594.0
BOAN,2019,An,23448000000.0,343902000000.0,11529000000.0,8502000000.0,35823959061.0
BOAS,2019,An,30102000000.0,534863000000.0,12365000000.0,9115000000.0,43184000000.0
CABC,2019,An,15199536904.0,13994028124.0,884361856.0,637951839.0,6063782358.0
CBIBF,2019,An,59005000000.0,1211790000000.0,36508000000.0,27692000000.0,140963000000.0
CFAC,2019,An,103290000000.0,58521584102.0,7482882635.0,5255468516.0,24574974159.0
CIEC,2019,An,666829000000.0,1049470000000.0,10338703000.0,6534424000.0,
ECOC,2019,An,83400000000.0,1494460000000.0,39343000000.0,25365000000.0,120089000000.0
ETIT,2019,An,950264000000.0,13804200000000.0,321515000000.0,161047000000.0,
FTSC,2019,An,40436698000.0,51051574000.0,2192357000.0,1855141000.0,
NEIC,2019,An,6438263501.0,7608319991.0,1155381970.0,587989815.0,
NSBC,2019,An,63150000000.0,1193790000000.0,19986000000.0,13617000000.0,97181000000.0
NTLC,2019,An,156324000000.0,114901000000.0,2398689273.0,-3517664369.0,
ONTBF,2019,An,154061000000.0,261564000000.0,45759267000.0,30085908000.0,
ORAC,2019,An,784054000000.0,1531750000000.0,168453000000.0,106842000000.0,
ORGT,2019,An,124704000000.0,2634340000000.0,23790000000.0,18327000000.0,140648000000.0
PALC,2019,An,104588000000.0,126600000000.0,-3978947043.0,-5562420807.0,
PRSC,2019,An,54776000000.0,35607000000.0,2807000000.0,1807000000.0,
SAFC,2019,An,,63371000000.0,-86000000.0,-211000000.0,
SCRC,2019,An,56656000000.0,92298000000.0,-1134000000.0,-5339000000.0,43750504000.0
SDCC,2019,An,98432703000.0,238492000000.0,3825358000.0,2863674000.0,
SDSC,2019,An,88182968000.0,122157000000.0,4093959000.0,9382776000.0,
SEMC,2019,An,18685566000.0,18107898000.0,1021451000.0,690340000.0,
SGBC,2019,An,150316000000.0,2152650000000.0,72432000000.0,50253000000.0,
SHEC,2019,An,354252000000.0,96388502000.0,8088399000.0,5465466000.0,
SIBC,2019,An,71887000000.0,1099400000000.0,39237000000.0,28057000000.0,101506000000.0
SICC,2019,An,1856990827.0,3925048002.0,163015925.0,2350841.0,
SIVC,2019,An,7170432956.0,17351927849.0,-737217856.0,-26523307.0,
SLBC,2019,An,225004000000.0,275982000000.0,17267000000.0,13095000000.0,
SMBC,2019,An,116253000000.0,97322000000.0,950000000.0,58000000.0,
SNTS,2019,An,1179220000000.0,1823010000000.0,316748000000.0,195343000000.0,
SOGC,2019,An,61389413000.0,87399032000.0,6815007000.0,4520355000.0,
SPHC,2019,An,143735000000.0,147034000000.0,7524610000.0,3374806000.0,
STAC,2019,An,9277157000.0,11884748000.0,978905000.0,865967000.0,
STBC,2019,An,94693057000.0,29331556171.0,786600059.0,5290810615.0,
SVOC,2019,An,12079000000.0,23330000000.0,-4968000000.0,-4496000000.0,
TTLC,2019,An,453131000000.0,136630000000.0,13479000000.0,10419000000.0,
TTLS,2019,An,448269000000.0,176668000000.0,12247886000.0,5827011000.0,25919695000.0
UNLC,2019,An,56379066000.0,60633338000.0,-16285392000.0,-21857272000.0,
UNXC,2019,An,40166658390.0,38293838977.0,4318973894.0,3094074102.0,
ABJC,2020,An,5707724950.0,6541501558.0,-1036799412.0,-985334838.0,3047466683.0
BICB,2020,An,7000000000.0,264100000000.0,400000000.0,1200000000.0,
BICC,2020,An,45315000000.0,831386000000.0,10190000000.0,4672000000.0,62819000000.0
BNBC,2020,An,39472000000.0,42827000000.0,1604000000.0,668000000.0,15413843000.0
BOAB,2020,An,45286000000.0,902792000000.0,19456000000.0,13312000000.0,89836969716.0
BOABF,2020,An,47367000000.0,988181000000.0,25127000000.0,17608000000.0,84434536984.0
BOAC,2020,An,40811000000.0,686536000000.0,19977000000.0,14216000000.0,60329000000.0
BOAM,2020,An,32348000000.0,579478000000.0,12363000000.0,528000000.0,26839742203.0
BOAN,2020,An,24255000000.0,329785000000.0,12328000000.0,7421000000.0,37238956175.0
BOAS,2020,An,29997000000.0,561588000000.0,11128000000.0,7667000000.0,46551000000.0
CABC,2020,An,18897903618.0,13385894278.0,1662125484.0,1166658052.0,6737107077.0
CBIBF,2020,An,73982000000.0,1565200000000.0,48905000000.0,34373000000.0,159145000000.0
CFAC,2020,An,99126215810.0,54494286602.0,5450011658.0,3779508079.0,23100138295.0
CIEC,2020,An,722628000000.0,1237730000000.0,22771000000.0,16170000000.0,
ECOC,2020,An,86521000000.0,1602350000000.0,42917000000.0,30018000000.0,128527000000.0
ETIT,2020,An,966891000000.0,13866200000000.0,,50837000000.0,
FTSC,2020,An,39020184000.0,53788997000.0,30688000.0,3551668000.0,
NEIC,2020,An,7301216273.0,9110103553.0,1365392841.0,800792587.0,
NSBC,2020,An,71364000000.0,1549540000000.0,23888000000.0,7201000000.0,108810000000.0
NTLC,2020,An,173225000000.0,117982000000.0,27076473678.0,20899537493.0,
ONTBF,2020,An,157358000000.0,247794000000.0,48520695000.0,31051548000.0,
ORAC,2020,An,871393000000.0,1617430000000.0,205979000000.0,122208000000.0,
ORGT,2020,An,116263000000.0,3268240000000.0,15276000000.0,9440000000.0,141996000000.0
PALC,2020,An,119760000000.0,138599000000.0,5512352378.0,3521647345.0,
PRSC,2020,An,51108000000.0,31274000000.0,2930000000.0,1863000000.0,
SAFC,2020,An,,66533000000.0,-1403000000.0,-1640000000.0,
SCRC,2020,An,63333000000.0,94560000000.0,4404000000.0,1788000000.0,45886852000.0
SDCC,2020,An,127480000000.0,271677000000.0,6372159000.0,4307472000.0,
SDSC,2020,An,84240507000.0,131059000000.0,4569724000.0,13454872000.0,
SEMC,2020,An,19629606000.0,18119926000.0,1127531000.0,736547000.0,
SGBC,2020,An,164062000000.0,2397200000000.0,83330000000.0,48435000000.0,
SHEC,2020,An,313564000000.0,74596027000.0,-3858364000.0,-4788013000.0,
SIBC,2020,An,74467000000.0,1224290000000.0,41054000000.0,30261000000.0,116767000000.0
SICC,2020,An,2359881248.0,4087383318.0,109049980.0,109826095.0,
SIVC,2020,An,6348743028.0,15836388054.0,-2518217382.0,-2462719856.0,
SLBC,2020,An,229359000000.0,294111000000.0,27415000000.0,17520000000.0,
SMBC,2020,An,102670000000.0,72061000000.0,14102000000.0,9396000000.0,
SNTS,2020,An,1206090000000.0,1896870000000.0,339082000000.0,201272000000.0,
SOGC,2020,An,66481138000.0,92061584000.0,11218699000.0,7652579000.0,
SPHC,2020,An,158789000000.0,157048000000.0,10954030000.0,7466595000.0,
STAC,2020,An,15900707000.0,18586404000.0,3108191000.0,2320633000.0,
STBC,2020,An,116186000000.0,28201228462.0,4638985646.0,8542921197.0,
TTLC,2020,An,416080000000.0,128146000000.0,7982000000.0,7648000000.0,
TTLS,2020,An,384493000000.0,135478000000.0,10595916000.0,6063978000.0,28172082000.0
UNLC,2020,An,41393490000.0,48221668000.0,-7172118000.0,-2409525000.0,
UNXC,2020,An,34916710441.0,32742029278.0,537047311.0,231265060.0,
ABJC,2021,An,8377372850.0,7929825517.0,904931750.0,953353113.0,4000819796.0
BICB,2021,An,14898000000.0,627594000000.0,7414000000.0,5776000000.0,
BICC,2021,An,44167000000.0,847724000000.0,13363000000.0,9603000000.0,71522000000.0
BNBC,2021,An,44428368000.0,45958748000.0,2656681000.0,1598214000.0,17009000000.0
BOAB,2021,An,45259000000.0,884426000000.0,19795000000.0,16664000000.0,97192147880.0
BOABF,2021,An,50828000000.0,1073230000000.0,28784000000.0,21245000000.0,96376372338.0
BOAC,2021,An,41545000000.0,714509000000.0,19904000000.0,16638000000.0,69968000000.0
BOAM,2021,An,35408000000.0,581464000000.0,14186000000.0,2095000000.0,32186115601.0
BOAN,2021,An,24995000000.0,356377000000.0,13067000000.0,9397000000.0,41968602146.0
BOAS,2021,An,35727000000.0,626289000000.0,17550000000.0,11070000000.0,53327000000.0
CABC,2021,An,19036863791.0,16575486566.0,628129534.0,40094693.0,5902357326.0
CBIBF,2021,An,90298000000.0,1952980000000.0,57840000000.0,46549000000.0,189815000000.0
CFAC,2021,An,119732000000.0,66380321677.0,9408220777.0,6710916633.0,25347492469.0
CIEC,2021,An,231783000000.0,1679590000000.0,15449000000.0,9757000000.0,
ECOC,2021,An,90545000000.0,1677710000000.0,47899000000.0,34304000000.0,144829000000.0
ETIT,2021,An,974058000000.0,15962700000000.0,,198151000000.0,
FTSC,2021,An,41473743000.0,53741474000.0,-1048574000.0,-1276336000.0,
LNBB,2021,An,79933000000.0,31453000000.0,10186000000.0,5072000000.0,
NEIC,2021,An,8874246101.0,9690766917.0,1787649834.0,980247893.0,
NSBC,2021,An,76622000000.0,1644550000000.0,29199000000.0,23713000000.0,129809000000.0
NTLC,2021,An,195188000000.0,145821000000.0,32776948100.0,21268135622.0,
ONTBF,2021,An,154881000000.0,241725000000.0,48604853000.0,32374022000.0,
ORAC,2021,An,965042000000.0,1755020000000.0,245539000000.0,155835000000.0,727100000000.0
ORGT,2021,An,144761000000.0,4058140000000.0,27131000000.0,19798000000.0,164753000000.0
PALC,2021,An,195659000000.0,167046000000.0,56689991420.0,42473119895.0,
PRSC,2021,An,65019456000.0,36448051000.0,4888777000.0,3067383000.0,
SAFC,2021,An,,64690000000.0,-550000000.0,-603000000.0,
SCRC,2021,An,62497000000.0,107247000000.0,-2715000000.0,-6573000000.0,37645097000.0
SDCC,2021,An,135514000000.0,297251000000.0,6720471000.0,4352130000.0,
SDSC,2021,An,88721263000.0,155596000000.0,4291214000.0,13942342000.0,
SEMC,2021,An,23056649000.0,22449235000.0,2822884000.0,2383609000.0,
SGBC,2021,An,189096000000.0,3021480000000.0,98446000000.0,67438000000.0,
SHEC,2021,An,366644000000.0,101263000000.0,830155000.0,2359623000.0,
SIBC,2021,An,76532000000.0,1316460000000.0,42042000000.0,34031000000.0,130799000000.0
SICC,2021,An,1380986108.0,4154276593.0,53198530.0,119234795.0,
SIVC,2021,An,7647961956.0,15721786357.0,507833300.0,727412737.0,
SLBC,2021,An,299269000000.0,316350000000.0,35605000000.0,22020000000.0,
SMBC,2021,An,139353000000.0,107351000000.0,13649000000.0,8623000000.0,
SNTS,2021,An,1334870000000.0,2063840000000.0,399655000000.0,252459000000.0,
SOGC,2021,An,83074087000.0,97008610000.0,20581153000.0,14728280000.0,
SPHC,2021,An,208794000000.0,168289000000.0,27558059000.0,20750470000.0,
STAC,2021,An,10274321000.0,16260295000.0,1286674000.0,1119448000.0,
STBC,2021,An,135604000000.0,37238485117.0,9388373157.0,9642415475.0,
TTLC,2021,An,494433000000.0,156297000000.0,16088000000.0,11143000000.0,
TTLS,2021,An,395458000000.0,140252000000.0,8256909000.0,4692897000.0,24864980000.0
UNLC,2021,An,46059379000.0,35565021000.0,-13697340000.0,175000.0,
UNXC,2021,An,38191193639.0,37292681535.0,1984939431.0,1400692889.0,
ABJC,2022,An,10804244269.0,10181992141.0,1870413228.0,1268616196.0,4569435992.0
BICB,2022,An,24209000000.0,1000780000000.0,14344000000.0,10705000000.0,
BICC,2022,An,47275000000.0,926252000000.0,14809000000.0,12391000000.0,74313000000.0
BNBC,2022,An,51384000000.0,54652000000.0,3017000000.0,1809000000.0,18815000000.0
BOAB,2022,An,46413000000.0,907782000000.0,19529000000.0,19143000000.0,104674009283.0
BOABF,2022,An,56646000000.0,1163300000000.0,32632000000.0,25477000000.0,110589308010.0
BOAC,2022,An,47810000000.0,843300000000.0,24637000000.0,20069000000.0,81727000000.0
BOAM,2022,An,35307000000.0,576751000000.0,-8351000000.0,2460000000.0,34541828466.0
BOAN,2022,An,24624000000.0,357509000000.0,12623000000.0,10134000000.0,44172691398.0
BOAS,2022,An,40503000000.0,696306000000.0,21800000000.0,15581000000.0,64615000000.0
CABC,2022,An,16481281370.0,17483499632.0,1631279564.0,1075181768.0,6362144214.0
CBIBF,2022,An,111106000000.0,2289030000000.0,74982000000.0,56478000000.0,228513000000.0
CFAC,2022,An,146375000000.0,86632701302.0,9880523627.0,5533563559.0,
CIEC,2022,An,238854000000.0,1816390000000.0,15677000000.0,9819000000.0,
ECOC,2022,An,99155000000.0,1901240000000.0,54150000000.0,44598000000.0,163179000000.0
ETIT,2022,An,1161430000000.0,17837500000000.0,492148000000.0,228750000000.0,
FTSC,2022,An,45464126000.0,54851509000.0,-203064000.0,153483000.0,
LNBB,2022,An,74290000000.0,36444000000.0,8836000000.0,6748000000.0,
NEIC,2022,An,8988063184.0,7358890518.0,1794653147.0,1212304460.0,
NSBC,2022,An,80105000000.0,1885060000000.0,29506000000.0,32382000000.0,164905000000.0
NTLC,2022,An,206734000000.0,173974000000.0,29119596834.0,16627044028.0,
ONTBF,2022,An,145625000000.0,269895000000.0,35677978000.0,22372337000.0,
ORAC,2022,An,965025000000.0,2017760000000.0,260834000000.0,153485000000.0,725454000000.0
ORGT,2022,An,163147000000.0,4732760000000.0,24928000000.0,19199000000.0,165996000000.0
PALC,2022,An,232713000000.0,211882000000.0,56649930999.0,41693172115.0,
PRSC,2022,An,70092375000.0,52168892000.0,5248854000.0,3644247000.0,
SAFC,2022,An,,67022000000.0,,-235000000.0,
SCRC,2022,An,68635000000.0,124042000000.0,-4861000000.0,-8756000000.0,30924421000.0
SDCC,2022,An,160671000000.0,353554000000.0,8148301000.0,4805517000.0,
SDSC,2022,An,86997124000.0,149634000000.0,722915000.0,10044129000.0,
SEMC,2022,An,29602761000.0,32641511000.0,3260942000.0,3857786000.0,
SGBC,2022,An,215101000000.0,3345280000000.0,118708000000.0,74612000000.0,
SHEC,2022,An,488902000000.0,119462000000.0,6027152000.0,3548638000.0,
SIBC,2022,An,83542000000.0,1499550000000.0,47561000000.0,40090000000.0,148389000000.0
SICC,2022,An,1138173867.0,,,-39949556.0,
SIVC,2022,An,8688869897.0,15914219225.0,339115809.0,402747322.0,
SLBC,2022,An,281880000000.0,334102000000.0,7112000000.0,1217000000.0,
SMBC,2022,An,276854000000.0,164780000000.0,13808000000.0,9421000000.0,
SNTS,2022,An,1455050000000.0,2252190000000.0,437059000000.0,278912000000.0,
SOGC,2022,An,93883932000.0,93857925000.0,21852242000.0,15652984000.0,
SPHC,2022,An,224421000000.0,183890000000.0,26283237000.0,16700611000.0,
STAC,2022,An,14654197000.0,15068263000.0,-106831000.0,-70544000.0,
STBC,2022,An,151133000000.0,31612312100.0,12768812060.0,11503188097.0,
TTLC,2022,An,573130000000.0,159651000000.0,16509000000.0,12279000000.0,
TTLS,2022,An,477813000000.0,199056000000.0,11864241000.0,8475035000.0,34561000000.0
UNLC,2022,An,36174563000.0,24484388000.0,-4253584000.0,-6908362000.0,
UNXC,2022,An,36372536951.0,39705901306.0,-1212860306.0,-1298674972.0,
ABJC,2023,An,11254100343.0,12116077537.0,1966557179.0,1335324958.0,4789312061.0
BICB,2023,An,39196000000.0,1340710000000.0,27438000000.0,27270000000.0,95569000000.0
BICC,2023,An,55506000000.0,920563000000.0,16814000000.0,16694000000.0,83574000000.0
BNBC,2023,An,45955470000.0,53173000000.0,1571000000.0,35581000.0,17743296528.0
BOAB,2023,An,47832000000.0,906824000000.0,22307000000.0,21529000000.0,112817609313.0
BOABF,2023,An,60576000000.0,1098280000000.0,34567000000.0,29063000000.0,125144468974.0
BOAC,2023,An,60811000000.0,938739000000.0,35842000000.0,26075000000.0,95801000000.0
BOAM,2023,An,35519000000.0,560354000000.0,12190000000.0,5778000000.0,40197098666.0
BOAN,2023,An,26976000000.0,349869000000.0,13988000000.0,10077000000.0,45669476587.0
BOAS,2023,An,45426000000.0,758148000000.0,21974000000.0,17022000000.0,76637000000.0
CABC,2023,An,17752564089.0,19349647741.0,1748675441.0,1429806646.0,7338064460.0
CBIBF,2023,An,125248000000.0,2488600000000.0,85727000000.0,64247000000.0,
CFAC,2023,An,180162000000.0,87382395802.0,11108927577.0,6399494092.0,17979153259.0
CIEC,2023,An,257218000000.0,1975050000000.0,16460000000.0,10633000000.0,
ECOC,2023,An,110189000000.0,1953300000000.0,60314000000.0,48071000000.0,178208000000.0
ETIT,2023,An,1251680000000.0,16164500000000.0,576877000000.0,246811000000.0,
FTSC,2023,An,38214972000.0,50701178000.0,1601400000.0,3075972000.0,
LNBB,2023,An,93915000000.0,40646000000.0,5122000000.0,3914000000.0,33417094818.0
NEIC,2023,An,8525436230.0,9058172062.0,1850072232.0,1167140182.0,
NSBC,2023,An,91002000000.0,2037060000000.0,37922000000.0,34813000000.0,189719000000.0
NTLC,2023,An,203618000000.0,170341000000.0,30164175277.0,16556698463.0,
ONTBF,2023,An,139154000000.0,288000000000.0,33311787000.0,21129277000.0,
ORAC,2023,An,1016530000000.0,2074720000000.0,257960000000.0,154890000000.0,723960000000.0
ORGT,2023,An,120069000000.0,4236480000000.0,-32255000000.0,-18186000000.0,143822000000.0
PALC,2023,An,206244000000.0,205938000000.0,28502239000.0,19351846000.0,
PRSC,2023,An,77878846000.0,51245507000.0,3253377000.0,2084428000.0,
SAFC,2023,An,,70073000000.0,-422000000.0,-579000000.0,
SCRC,2023,An,68135000000.0,115465000000.0,-4912000000.0,-10324000000.0,22310492000.0
SDCC,2023,An,175458000000.0,381718000000.0,9389199000.0,4903679000.0,
SDSC,2023,An,82623385000.0,157733000000.0,547366000.0,17138527000.0,
SEMC,2023,An,27874878000.0,30745260000.0,1460429000.0,1012055000.0,
SGBC,2023,An,253286000000.0,3437670000000.0,147701000000.0,97230000000.0,
SHEC,2023,An,550696000000.0,168469000000.0,8485512000.0,4011603000.0,
SIBC,2023,An,95571000000.0,1605880000000.0,56871000000.0,43513000000.0,164402000000.0
SICC,2023,An,701091562.0,,,19245083.0,
SIVC,2023,An,8512305646.0,15698401816.0,824518419.0,895708500.0,
SLBC,2023,An,311395000000.0,327698000000.0,16807000000.0,15078000000.0,
SMBC,2023,An,247646000000.0,183993000000.0,28583000000.0,17255000000.0,
SNTS,2023,An,1620700000000.0,2573860000000.0,515709000000.0,331748000000.0,
SOGC,2023,An,73448349000.0,88987010000.0,7678013000.0,5270303000.0,
SPHC,2023,An,206469000000.0,195801000000.0,7351110000.0,3635139000.0,
STAC,2023,An,9264509000.0,11329611000.0,-1136144000.0,-1117719000.0,
STBC,2023,An,169914000000.0,35417065559.0,16258209527.0,12399004223.0,
TTLC,2023,An,578922000000.0,167625000000.0,12087000000.0,8709000000.0,
TTLS,2023,An,499194000000.0,203539000000.0,6675751000.0,4222465000.0,29928136358.0
UNLC,2023,An,34682083000.0,23009563000.0,1573553000.0,640335000.0,
UNXC,2023,An,29686986976.0,38556378909.0,-1828597291.0,-2054070779.0,
ABJC,2024,An,12466921255.0,9080240464.0,2100227044.0,1519221935.0,3808533996.0
BICB,2024,An,45207000000.0,1520450000000.0,30250000000.0,30341000000.0,125910000000.0
BICC,2024,An,68063000000.0,1015580000000.0,30077000000.0,26226000000.0,99783000000.0
BNBC,2024,An,45312422000.0,50176046000.0,1193258000.0,7313000.0,17747635829.0
BOAB,2024,An,46527000000.0,940187000000.0,21580000000.0,19647000000.0,117396355692.0
BOABF,2024,An,57490000000.0,1079050000000.0,30000000000.0,22419000000.0,129272440868.0
BOAC,2024,An,72724000000.0,1075480000000.0,46014000000.0,32044000000.0,112644000000.0
BOAM,2024,An,36159000000.0,541491000000.0,15863000000.0,9123000000.0,46195155867.0
BOAN,2024,An,21380000000.0,322404000000.0,8251000000.0,5002000000.0,42156000000.0
BOAS,2024,An,49666000000.0,783173000000.0,27102000000.0,19984000000.0,88621000000.0
CABC,2024,An,19125318524.0,19656293617.0,1784869818.0,1224827540.0,8039445600.0
CBIBF,2024,An,130987000000.0,2682790000000.0,88227000000.0,47937000000.0,
CFAC,2024,An,158313000000.0,85012929523.0,7846693699.0,4693479450.0,19240718965.0
CIEC,2024,An,263294000000.0,2019140000000.0,16591000000.0,10101000000.0,
ECOC,2024,An,122316000000.0,2050680000000.0,67339000000.0,57477000000.0,199352000000.0
ETIT,2024,An,1268400000000.0,17650800000000.0,595831000000.0,299706000000.0,
FTSC,2024,An,30694517000.0,61061747000.0,-882181000.0,18595275000.0,
LNBB,2024,An,102544000000.0,29053000000.0,4458000000.0,7176000000.0,23614741046.0
NEIC,2024,An,6744255774.0,6675647428.0,603453112.0,-759371358.0,
NSBC,2024,An,97819000000.0,2514390000000.0,39400000000.0,38112000000.0,215330000000.0
NTLC,2024,An,220113000000.0,177852000000.0,35276845649.0,18149967087.0,
ONTBF,2024,An,141841000000.0,301493000000.0,33565160000.0,21471149000.0,
ORAC,2024,An,1084100000000.0,2309100000000.0,263200000000.0,158200000000.0,713800000000.0
ORGT,2024,An,126536000000.0,3961400000000.0,-44764000000.0,-44363000000.0,96720000000.0
PALC,2024,An,172183000000.0,202603000000.0,19393765000.0,15861643000.0,
PRSC,2024,An,74676306000.0,45185940000.0,1775583000.0,2346712000.0,
SAFC,2024,An,,74195000000.0,-75000000.0,-165000000.0,
SCRC,2024,An,87219000000.0,123092000000.0,8076000000.0,2591000000.0,24984680000.0
SDCC,2024,An,172235000000.0,432406000000.0,6770541000.0,3560488000.0,
SDSC,2024,An,85643038000.0,188126000000.0,941676000.0,21068974000.0,
SGBC,2024,An,263207000000.0,3614200000000.0,163484000000.0,101228000000.0,
SHEC,2024,An,600708000000.0,207064000000.0,11336979000.0,5353994000.0,
SIBC,2024,An,102763000000.0,1685250000000.0,62635000000.0,50234000000.0,187136000000.0
SLBC,2024,An,309722000000.0,307546000000.0,34735000000.0,21472000000.0,
SMBC,2024,An,229061000000.0,163113000000.0,12036000000.0,8698000000.0,
SNTS,2024,An,1776440000000.0,3105290000000.0,619524000000.0,393662000000.0,
SOGC,2024,An,89415277000.0,88962049000.0,18383382000.0,13110790000.0,
SPHC,2024,An,279438000000.0,222208000000.0,29445591000.0,18790218000.0,
STAC,2024,An,1793360000.0,7378386000.0,-1007887000.0,-348195000.0,
STBC,2024,An,214313000000.0,94925572191.0,57068888519.0,44173762491.0,
TTLC,2024,An,621042000000.0,191526000000.0,10491000000.0,9374000000.0,
TTLS,2024,An,484945000000.0,201308000000.0,7470764000.0,7090811000.0,29522478088.0
UNXC,2024,An,27333349555.0,34241097739.0,-2136021358.0,-2188937902.0,
