Ticker,FirstListingDate
ABJC,2000-03-31
BICC,1998-09-16
BNBC,1998-09-18
BOAB,2000-11-17
BOABF,2011-01-03
BOAC,2010-04-12
BOAM,2016-05-31
BOAN,2003-12-30
BOAS,2014-12-10
CABC,1998-09-16
CBIBF,2016-12-23
CFAC,1998-09-18
CIEC,1998-09-16
ECOC,2017-12-12
ETIT,2006-09-11
FTSC,1998-09-16
NEIC,2000-04-14
NSBC,2017-10-24
NTLC,1998-09-18
ONTBF,2009-04-30
ORAC,2022-12-30
ORGT,2019-04-16
PALC,1999-10-18
PRSC,1998-09-23
SAFC,1998-09-23
SCRC,2016-12-29
SDCC,1998-09-16
SDSC,2007-02-28
SEMC,1998-09-18
SGBC,1998-09-18
SHEC,1998-09-16
SIBC,2016-10-27
SICC,1998-09-16
SIVC,1999-04-19
SLBC,1998-09-23
SMBC,1998-09-18
SNTS,1998-10-02
SOGC,1998-09-16
SPHC,1998-09-18
STAC,1998-10-07
STBC,1998-09-21
TTLC,1998-09-16
TTLS,2015-02-20
UNLC,2001-06-20
UNXC,1998-09-18
