Ticker,Période_détail,Période,CA_PNB,Total Bilan,RE_RBE,Résultat Net,Capitaux propres
ABJC,An,2024,12466921255.0,9080240464.0,2100227044.0,1519221935.0,
ABJC,An,2023,11254100343.0,12116077537.0,1966557179.0,1335324958.0,
ABJC,An,2022,10804244269.0,10181992141.0,1870413228.0,1268616196.0,
ABJC,An,2021,8377372850.0,7929825517.0,904931750.0,953353113.0,
ABJC,An,2020,5707724950.0,6541501558.0,-1036799412.0,-985334838.0,
ABJC,An,2019,12195637944.0,8083601728.0,1995167508.0,1532787784.0,
ABJC,An,2018,12217280182.0,8651487602.0,2012163156.0,1509605657.0,
ABJC,An,2017,13367430980.0,9576510834.0,910336320.0,992622642.0,
ABJC,An,2016,12069724684.0,8590820550.0,1551890657.0,1047333230.0,
ABJC,An,2015,10798118386.0,8415117319.0,2180387359.0,1582327569.0,
ABJC,S1,2024,5992000.0,,944846000.0,708998000.0,
ABJC,S1,2023,5475013000.0,,931328000.0,707249000.0,
ABJC,S1,2022,4842727000.0,,982049000.0,779721000.0,
ABJC,S1,2021,3554427000.0,,175965000.0,163376000.0,
ABJC,S1,2020,2869634000.0,,-505044000.0,-480087000.0,
ABJC,S1,2019,5985253000.0,,1042584000.0,797730000.0,
ABJC,S1,2018,5536146000.0,,799452000.0,571843000.0,
ABJC,S1,2017,6505009000.0,,766052000.0,540034000.0,
ABJC,S1,2016,5736130000.0,,738831000.0,513565000.0,
ABJC,T1,2024,3078618000.0,,,371355000.0,
ABJC,T1,2023,2686955000.0,,,293221000.0,
ABJC,T1,2022,2312139000.0,,,354300000.0,
ABJC,T1,2017,3274372000.0,,,319794000.0,
ABJC,T1,2016,2817913000.0,,,242008000.0,
ABJC,T3,2024,9265350000.0,,,1130926000.0,
ABJC,T3,2023,8423103000.0,,,1182024000.0,
ABJC,T3,2022,7811642000.0,,,1258015000.0,
BICB,An,2024,45207000000.0,1520447000000.0,30250000000.0,30341000000.0,
BICB,An,2023,39196000000.0,1340710000000.0,27438000000.0,27270000000.0,
BICB,An,2022,24209000000.0,1000782000000.0,14344000000.0,10705000000.0,
BICB,An,2021,14898000000.0,627594000000.0,7414000000.0,5776000000.0,
BICB,An,2020,7000000000.0,264100000000.0,400000000.0,1200000000.0,
BICB,S1,2024,20084000000.0,1403787000000.0,12720000000.0,10784000000.0,
BICB,S1,2023,16991000000.0,1156990000000.0,10786000000.0,10806000000.0,
BICC,An,2024,68063000000.0,1015578000000.0,30077000000.0,26226000000.0,
BICC,An,2023,55506000000.0,920563000000.0,16814000000.0,16694000000.0,
BICC,An,2022,47275000000.0,926252000000.0,14809000000.0,12391000000.0,
BICC,An,2021,44167000000.0,847724000000.0,13363000000.0,9603000000.0,
BICC,An,2020,45315000000.0,831386000000.0,10190000000.0,4672000000.0,
BICC,An,2019,45937000000.0,748861000000.0,13880000000.0,-3612000000.0,
BICC,An,2018,48787000000.0,677786000000.0,16424000000.0,9793000000.0,
BICC,An,2017,48767000000.0,647647000000.0,18748000000.0,9287000000.0,
BICC,An,2016,42323000000.0,643083000000.0,17466000000.0,12047000000.0,
BICC,An,2015,38328000000.0,594718000000.0,12794000000.0,9202000000.0,
BICC,S1,2024,31852000000.0,,13159000000.0,11405000000.0,
BICC,S1,2023,25813000000.0,,8029000000.0,7226000000.0,
BICC,S1,2022,23146000000.0,,7611000000.0,6105000000.0,
BICC,S1,2021,20949000000.0,,6170000000.0,4413000000.0,
BICC,S1,2020,23380000000.0,,7297000000.0,4715000000.0,
BICC,S1,2019,23027000000.0,,6057000000.0,704000000.0,
BICC,S1,2018,24257000000.0,,6867000000.0,4220000000.0,
BICC,S1,2017,22376000000.0,,8296000000.0,5994000000.0,
BICC,S1,2016,20884000000.0,,7523000000.0,5842000000.0,
BICC,T1,2024,16591000000.0,,,6512000000.0,
BICC,T1,2023,12004000000.0,,,1892000000.0,
BICC,T1,2022,10957000000.0,,,2529000000.0,
BICC,T1,2021,10544000000.0,,,2126000000.0,
BICC,T2,2022,12189000000.0,,,3576000000.0,
BICC,T2,2021,10404000000.0,,,2287000000.0,
BICC,T3,2024,49942000000.0,,,18172000000.0,
BICC,T3,2023,40690000000.0,,,12061000000.0,
BICC,T3,2022,35027000000.0,,,9742000000.0,
BICC,T3,2021,11763000000.0,,,3168000000.0,
BICC,T3,2020,33253000000.0,,11090000000.0,6841000000.0,
BICC,T3,2017,33886000000.0,,12744000000.0,8712000000.0,
BICC,T3,2016,31179000000.0,,11467000000.0,8416000000.0,
BICC,T4,2021,11455000000.0,,,2551000000.0,
BICC,T4,2020,10453000000.0,,,-2168000000.0,
BNBC,An,2024,45312422000.0,50176046000.0,1193258000.0,7313000.0,
BNBC,An,2023,45955470000.0,53173000000.0,1571000000.0,35581000.0,
BNBC,An,2022,51384000000.0,54652000000.0,3017000000.0,1809000000.0,
BNBC,An,2021,44428368000.0,45958748000.0,2656681000.0,1598214000.0,
BNBC,An,2020,39472000000.0,42827000000.0,1604000000.0,668000000.0,
BNBC,An,2019,41285545000.0,45293541000.0,944286000.0,423125000.0,
BNBC,An,2018,44349634000.0,48170096000.0,2528676000.0,1650101000.0,
BNBC,An,2017,41351033000.0,39880242000.0,3419661000.0,2101853000.0,
BNBC,An,2016,44600727000.0,37704140000.0,3723202000.0,2393412000.0,
BNBC,An,2015,44696928000.0,38685920000.0,3511022000.0,2343210000.0,
BNBC,S1,2024,21051823000.0,,400009000.0,-85843000.0,
BNBC,S1,2023,23343111000.0,,605154000.0,295671000.0,
BNBC,S1,2022,25470395000.0,,1876429000.0,1230606000.0,
BNBC,S1,2021,23087630000.0,,1482260000.0,931140000.0,
BNBC,S1,2020,19005530000.0,,846780000.0,389550000.0,
BNBC,S1,2019,21708014000.0,,967391000.0,528910000.0,
BNBC,S1,2018,21917361000.0,,1379935000.0,,
BNBC,S1,2017,20155263000.0,,1313543000.0,,
BNBC,S1,2016,22923237000.0,,1116739000.0,,
BNBC,T1,2024,10824381000.0,,,-76181000.0,
BNBC,T1,2023,12386377000.0,,,516579000.0,
BNBC,T1,2022,12841154000.0,,,776631000.0,
BNBC,T1,2021,11403920000.0,,654000000.0,390595000.0,
BNBC,T1,2020,10254720000.0,,497378000.0,,
BNBC,T1,2019,11321340000.0,,690286000.0,406597000.0,
BNBC,T1,2018,11791859000.0,,,561819000.0,
BNBC,T1,2017,10002868000.0,,,548200000.0,
BNBC,T3,2024,32755862000.0,,,-31576000.0,
BNBC,T3,2023,34428743000.0,,,454467000.0,
BNBC,T3,2022,38361914000.0,,,1805367000.0,
BNBC,T3,2021,33829200000.0,,2231540000.0,1422090000.0,
BNBC,T3,2020,29175865000.0,,974597000.0,363520000.0,
BNBC,T3,2019,31114016000.0,,1108326000.0,,
BNBC,T3,2018,33301656000.0,,2103279000.0,,
BNBC,T3,2017,30847623000.0,,,1251514000.0,
BNBC,T3,2016,34753834000.0,,,1594166000.0,
BOAB,An,2024,46527000000.0,940187000000.0,21580000000.0,19647000000.0,
BOAB,An,2023,47832000000.0,906824000000.0,22307000000.0,21529000000.0,
BOAB,An,2022,46413000000.0,907782000000.0,19529000000.0,19143000000.0,
BOAB,An,2021,45259000000.0,884426000000.0,19795000000.0,16664000000.0,
BOAB,An,2020,45286000000.0,902792000000.0,19456000000.0,13312000000.0,
BOAB,An,2019,41388000000.0,920808000000.0,18698000000.0,15002000000.0,
BOAB,An,2018,39387000000.0,861015000000.0,16858000000.0,12724000000.0,
BOAB,An,2017,42156000000.0,972549000000.0,18494000000.0,12523000000.0,
BOAB,An,2016,39335000000.0,932977000000.0,18728000000.0,16139000000.0,
BOAB,An,2015,39186000000.0,850524000000.0,20061000000.0,12533000000.0,
BOAB,S1,2024,23185000000.0,,11731000000.0,10929000000.0,
BOAB,S1,2023,23991000000.0,,12237000000.0,12538000000.0,
BOAB,S1,2022,21803000000.0,,10393000000.0,10413000000.0,
BOAB,S1,2021,22242000000.0,,11213000000.0,9054000000.0,
BOAB,S1,2020,22950000000.0,,11481000000.0,8081000000.0,
BOAB,S1,2019,19448000000.0,,8650000000.0,7957000000.0,
BOAB,S1,2018,19911000000.0,,9223000000.0,6805000000.0,
BOAB,S1,2017,17857000000.0,,7720000000.0,7281000000.0,
BOAB,S1,2016,17930000000.0,,8004000000.0,7717000000.0,
BOAB,T1,2024,10897000000.0,,,4843000000.0,
BOAB,T1,2023,11361000000.0,,,5844000000.0,
BOAB,T1,2022,10651000000.0,,,5135000000.0,
BOAB,T1,2021,10367000000.0,,,4357000000.0,
BOAB,T1,2020,11162000000.0,,,4146000000.0,
BOAB,T1,2019,9144000000.0,,,3303000000.0,
BOAB,T1,2018,9910000000.0,,,3202000000.0,
BOAB,T1,2017,8886000000.0,,,2904000000.0,
BOAB,T1,2016,8386000000.0,,,2203000000.0,
BOAB,T3,2024,34156000000.0,,,14015000000.0,
BOAB,T3,2023,35505000000.0,,,17018000000.0,
BOAB,T3,2022,34512000000.0,,,17189000000.0,
BOAB,T3,2021,33492000000.0,,,14778000000.0,
BOAB,T3,2020,34655000000.0,,,12023000000.0,
BOAB,T3,2019,30386000000.0,,,11003000000.0,
BOAB,T3,2018,29131000000.0,,,7596000000.0,
BOAB,T3,2017,28484000000.0,,,9772000000.0,
BOABF,An,2024,57490000000.0,1079053000000.0,30000000000.0,22419000000.0,
BOABF,An,2023,60576000000.0,1098276000000.0,34567000000.0,29063000000.0,
BOABF,An,2022,56646000000.0,1163300000000.0,32632000000.0,25477000000.0,
BOABF,An,2021,50828000000.0,1073229000000.0,28784000000.0,21245000000.0,
BOABF,An,2020,47367000000.0,988181000000.0,25127000000.0,17608000000.0,
BOABF,An,2019,42708000000.0,867213000000.0,23391000000.0,18511000000.0,
BOABF,An,2018,39643000000.0,790804000000.0,20846000000.0,17293000000.0,
BOABF,An,2017,36417000000.0,752982000000.0,18854000000.0,12713000000.0,
BOABF,An,2016,33685000000.0,714127000000.0,17513000000.0,12443000000.0,
BOABF,An,2015,31317000000.0,656797000000.0,17288000000.0,12028000000.0,
BOABF,S1,2024,28659000000.0,,15856000000.0,13194000000.0,
BOABF,S1,2023,29853000000.0,,17989000000.0,15088000000.0,
BOABF,S1,2022,25926000000.0,,15156000000.0,12228000000.0,
BOABF,S1,2021,24175000000.0,,13838000000.0,11936000000.0,
BOABF,S1,2020,23231000000.0,,12655000000.0,9295000000.0,
BOABF,S1,2019,20782000000.0,,11602000000.0,9124000000.0,
BOABF,S1,2018,18698000000.0,,10080000000.0,7624000000.0,
BOABF,S1,2017,17308000000.0,,8820000000.0,6575000000.0,
BOABF,S1,2016,16132000000.0,,8364000000.0,6003000000.0,
BOABF,S2,2024,57490000000.0,,30000000000.0,22419000000.0,
BOABF,S2,2023,60576000000.0,,34567000000.0,29063000000.0,
BOABF,S2,2022,56646000000.0,,32632000000.0,25477000000.0,
BOABF,S2,2021,50828000000.0,,28784000000.0,21245000000.0,
BOABF,S2,2020,47367000000.0,,25132000000.0,17608000000.0,
BOABF,S2,2019,42727000000.0,,23411000000.0,18511000000.0,
BOABF,S2,2018,39643000000.0,,20846000000.0,17293000000.0,
BOABF,S2,2017,36417000000.0,,18854000000.0,12713000000.0,
BOABF,T1,2024,13906000000.0,,,6230000000.0,
BOABF,T1,2023,14669000000.0,,,6821000000.0,
BOABF,T1,2022,12084000000.0,,,6015000000.0,
BOABF,T1,2021,11466000000.0,,,5075000000.0,
BOABF,T1,2020,10893000000.0,,,4266000000.0,
BOABF,T1,2019,9190000000.0,,,3541000000.0,
BOABF,T1,2018,9332000000.0,,,3799000000.0,
BOABF,T1,2017,8159000000.0,,,3002000000.0,
BOABF,T1,2016,8207000000.0,,,2837000000.0,
BOABF,T3,2024,42911000000.0,,,18594000000.0,
BOABF,T3,2023,44930000000.0,,,22299000000.0,
BOABF,T3,2022,40593000000.0,,,19046000000.0,
BOABF,T3,2021,37272000000.0,,,18002000000.0,
BOABF,T3,2020,34304000000.0,,,14013000000.0,
BOABF,T3,2019,31333000000.0,,,13306000000.0,
BOABF,T3,2018,28820000000.0,,,11370000000.0,
BOABF,T3,2017,26959000000.0,,,10740000000.0,
BOABF,T3,2016,24711000000.0,,,9077000000.0,
BOAC,An,2024,72724000000.0,1075479000000.0,46014000000.0,32044000000.0,
BOAC,An,2023,60811000000.0,938739000000.0,35842000000.0,26075000000.0,
BOAC,An,2022,47810000000.0,843300000000.0,24637000000.0,20069000000.0,
BOAC,An,2021,41545000000.0,714509000000.0,19904000000.0,16638000000.0,
BOAC,An,2020,40811000000.0,686536000000.0,19977000000.0,14216000000.0,
BOAC,An,2019,35375000000.0,608499000000.0,15855000000.0,14382000000.0,
BOAC,An,2018,32833000000.0,576928000000.0,13763000000.0,11699000000.0,
BOAC,An,2017,30063000000.0,640023000000.0,13911000000.0,9879000000.0,
BOAC,An,2016,29006000000.0,623026000000.0,14751000000.0,10149000000.0,
BOAC,An,2015,25269000000.0,607138000000.0,11806000000.0,8240000000.0,
BOAC,S1,2024,36343000000.0,,24262000000.0,17639000000.0,
BOAC,S1,2023,30279000000.0,,18507000000.0,16568000000.0,
BOAC,S1,2022,21880000000.0,,10195000000.0,8571000000.0,
BOAC,S1,2021,20399000000.0,,9916000000.0,9043000000.0,
BOAC,S1,2020,19926000000.0,,10034000000.0,7312000000.0,
BOAC,S1,2019,17097000000.0,,7684000000.0,6734000000.0,
BOAC,S1,2018,15727000000.0,,7589000000.0,6756000000.0,
BOAC,S1,2017,15205000000.0,,7687000000.0,5980000000.0,
BOAC,S1,2016,14424000000.0,,7465000000.0,5091000000.0,
BOAC,T1,2024,17528000000.0,,11758000000.0,9340000000.0,
BOAC,T1,2023,14878000000.0,,9213000000.0,7100000000.0,
BOAC,T1,2022,10615000000.0,,,5141000000.0,
BOAC,T1,2021,10519000000.0,,,5590000000.0,
BOAC,T1,2020,10104000000.0,,,4457000000.0,
BOAC,T1,2019,7956000000.0,,,2697000000.0,
BOAC,T1,2018,8303000000.0,,,3341000000.0,
BOAC,T1,2017,7090000000.0,,,2614000000.0,
BOAC,T1,2016,7030000000.0,,,2513000000.0,
BOAC,T3,2024,53371000000.0,,34460000000.0,26293000000.0,
BOAC,T3,2023,46003000000.0,,28376000000.0,25058000000.0,
BOAC,T3,2022,34193000000.0,,16661000000.0,15134000000.0,
BOAC,T3,2021,32122000000.0,,16481000000.0,15213000000.0,
BOAC,T3,2020,30700000000.0,,15973000000.0,11781000000.0,
BOAC,T3,2019,26040000000.0,,,9556000000.0,
BOAC,T3,2018,23568000000.0,,,9118000000.0,
BOAC,T3,2017,22376000000.0,,,7687000000.0,
BOAC,T3,2016,21271000000.0,,,6930000000.0,
BOAM,An,2024,36159000000.0,541491000000.0,15863000000.0,9123000000.0,
BOAM,An,2023,35519000000.0,560354000000.0,12190000000.0,5778000000.0,
BOAM,An,2022,35307000000.0,576751000000.0,-8351000000.0,2460000000.0,
BOAM,An,2021,35408000000.0,581464000000.0,14186000000.0,2095000000.0,
BOAM,An,2020,32348000000.0,579478000000.0,12363000000.0,528000000.0,
BOAM,An,2019,32055000000.0,577348000000.0,9176000000.0,-6987000000.0,
BOAM,An,2018,29726000000.0,484979000000.0,6257000000.0,6340000000.0,
BOAM,An,2017,29590000000.0,455294000000.0,10171000000.0,4262000000.0,
BOAM,An,2016,29747000000.0,514000000000.0,11761000000.0,9403000000.0,
BOAM,An,2015,30210000000.0,535666000000.0,13715000000.0,7126000000.0,
BOAM,S1,2024,18213000000.0,,8140000000.0,4819000000.0,
BOAM,S1,2023,17504000000.0,,7767000000.0,2073000000.0,
BOAM,S1,2022,16701000000.0,,6848000000.0,1786000000.0,
BOAM,S1,2021,17995000000.0,,8305000000.0,1731000000.0,
BOAM,S1,2020,15853000000.0,,6082000000.0,3080000000.0,
BOAM,S1,2019,14582000000.0,,3622000000.0,-9040000000.0,
BOAM,S1,2018,14401000000.0,,5103000000.0,4569000000.0,
BOAM,S1,2017,15026000000.0,,6198000000.0,4291000000.0,
BOAM,S1,2016,16369000000.0,,7527000000.0,4066000000.0,
BOAM,T1,2024,8663000000.0,,3514000000.0,1580000000.0,
BOAM,T1,2023,8405000000.0,,3540000000.0,1578000000.0,
BOAM,T1,2022,8160000000.0,,3309000000.0,1491000000.0,
BOAM,T1,2021,8972000000.0,,4335000000.0,1458000000.0,
BOAM,T1,2020,7014000000.0,,2040000000.0,1165000000.0,
BOAM,T1,2019,6893000000.0,,1463000000.0,1572000000.0,
BOAM,T1,2018,7114000000.0,,,1902000000.0,
BOAM,T1,2017,7256000000.0,,,2628000000.0,
BOAM,T1,2016,7635000000.0,,,2294000000.0,
BOAM,T3,2023,26705000000.0,,11795000000.0,3753000000.0,
BOAM,T3,2022,25372000000.0,,10208000000.0,2898000000.0,
BOAM,T3,2021,25646000000.0,,10007000000.0,2764000000.0,
BOAM,T3,2020,24205000000.0,,9622000000.0,5787000000.0,
BOAM,T3,2019,22224000000.0,,5861000000.0,-6795000000.0,
BOAM,T3,2018,22408000000.0,,,6303000000.0,
BOAM,T3,2017,21605000000.0,,,7383000000.0,
BOAM,T3,2016,23495000000.0,,,7010000000.0,
BOAM,T4,2023,35519000000.0,,14678000000.0,5778000000.0,
BOAM,T4,2022,35307000000.0,,14387000000.0,2460000000.0,
BOAM,T4,2021,35408000000.0,,14186000000.0,2095000000.0,
BOAM,T4,2020,32348000000.0,,12363000000.0,528000000.0,
BOAM,T4,2019,32055000000.0,,9176000000.0,-6987000000.0,
BOAM,T4,2018,29726000000.0,,6257000000.0,6340000000.0,
BOAN,An,2024,21380000000.0,322404000000.0,8251000000.0,5002000000.0,
BOAN,An,2023,26976000000.0,349869000000.0,13988000000.0,10077000000.0,
BOAN,An,2022,24624000000.0,357509000000.0,12623000000.0,10134000000.0,
BOAN,An,2021,24995000000.0,356377000000.0,13067000000.0,9397000000.0,
BOAN,An,2020,24255000000.0,329785000000.0,12328000000.0,7421000000.0,
BOAN,An,2019,23448000000.0,343902000000.0,11529000000.0,8502000000.0,
BOAN,An,2018,20630000000.0,300491000000.0,10376000000.0,7666000000.0,
BOAN,An,2017,19626000000.0,294499000000.0,9911000000.0,7284000000.0,
BOAN,An,2016,19087000000.0,286739000000.0,9850000000.0,6600000000.0,
BOAN,An,2015,18053000000.0,262944000000.0,9887000000.0,5795000000.0,
BOAN,S1,2024,10927000000.0,,4500000000.0,3189000000.0,
BOAN,S1,2023,13196000000.0,,6902000000.0,5469000000.0,
BOAN,S1,2022,12413000000.0,,6639000000.0,5446000000.0,
BOAN,S1,2021,12361000000.0,,6598000000.0,5404000000.0,
BOAN,S1,2020,11136000000.0,,5604000000.0,3324000000.0,
BOAN,S1,2019,11138000000.0,,5595000000.0,4530000000.0,
BOAN,S1,2018,10477000000.0,,5384000000.0,4338000000.0,
BOAN,S1,2017,9910000000.0,,5314000000.0,4130000000.0,
BOAN,S1,2016,9712000000.0,,5318000000.0,3648000000.0,
BOAN,T1,2024,5714000000.0,,2725000000.0,2286000000.0,
BOAN,T1,2023,6122000000.0,,3181000000.0,2829000000.0,
BOAN,T1,2022,5795000000.0,,3088000000.0,2733000000.0,
BOAN,T1,2021,5781000000.0,,2913000000.0,2318000000.0,
BOAN,T1,2020,5376000000.0,,2501000000.0,2125000000.0,
BOAN,T1,2019,5196000000.0,,,2038000000.0,
BOAN,T1,2018,4995000000.0,,,2240000000.0,
BOAN,T1,2017,4724000000.0,,,2040000000.0,
BOAN,T1,2016,4534000000.0,,,1881000000.0,
BOAN,T3,2024,15920000000.0,,6103000000.0,4241000000.0,
BOAN,T3,2023,20264000000.0,,10590000000.0,8533000000.0,
BOAN,T3,2022,18117000000.0,,9270000000.0,7562000000.0,
BOAN,T3,2021,18368000000.0,,9760000000.0,8827000000.0,
BOAN,T3,2020,17811000000.0,,9244000000.0,6065000000.0,
BOAN,T3,2019,16811000000.0,,8195000000.0,6257000000.0,
BOAN,T3,2018,15675000000.0,,8121000000.0,6571000000.0,
BOAN,T3,2017,14439000000.0,,7306000000.0,5887000000.0,
BOAS,An,2024,49666000000.0,783173000000.0,27102000000.0,19984000000.0,
BOAS,An,2023,45426000000.0,758148000000.0,21974000000.0,17022000000.0,
BOAS,An,2022,40503000000.0,696306000000.0,21800000000.0,15581000000.0,
BOAS,An,2021,35727000000.0,626289000000.0,17550000000.0,11070000000.0,
BOAS,An,2020,29997000000.0,561588000000.0,11128000000.0,7667000000.0,
BOAS,An,2019,30102000000.0,534863000000.0,12365000000.0,9115000000.0,
BOAS,An,2018,24949000000.0,449936000000.0,8837000000.0,8508000000.0,
BOAS,An,2017,24819000000.0,459147000000.0,10609000000.0,11389000000.0,
BOAS,An,2016,21985000000.0,521726000000.0,10739000000.0,4051000000.0,
BOAS,An,2015,16971000000.0,361877000000.0,6163000000.0,2079000000.0,
BOAS,S1,2024,23757000000.0,,,10308000000.0,
BOAS,S1,2023,22921000000.0,,,9436000000.0,
BOAS,S1,2022,18965000000.0,,,6856000000.0,
BOAS,S1,2021,16273000000.0,,,4061000000.0,
BOAS,S1,2020,13389000000.0,,5355000000.0,3692000000.0,
BOAS,S1,2019,14145000000.0,,6639000000.0,4010000000.0,
BOAS,S1,2018,11913000000.0,,4377000000.0,3802000000.0,
BOAS,S1,2017,12158000000.0,,6003000000.0,3082000000.0,
BOAS,S1,2016,9790000000.0,,4208000000.0,1678000000.0,
BOAS,S2,2022,40503000000.0,,,15581000000.0,
BOAS,S2,2021,35727000000.0,,17550000000.0,11070000000.0,
BOAS,S2,2020,29997000000.0,,11128000000.0,7667000000.0,
BOAS,S2,2019,30102000000.0,,12364000000.0,9115000000.0,
BOAS,S2,2018,24949000000.0,,8837000000.0,8509000000.0,
BOAS,T1,2024,11504000000.0,,,4787000000.0,
BOAS,T1,2023,10331000000.0,,,4042000000.0,
BOAS,T1,2022,8449000000.0,,4570000000.0,3297000000.0,
BOAS,T1,2021,7931000000.0,,3984000000.0,3304000000.0,
BOAS,T1,2020,6454000000.0,,,1839000000.0,
BOAS,T1,2019,7367000000.0,,,2261000000.0,
BOAS,T1,2018,5520000000.0,,,1858000000.0,
BOAS,T1,2017,5770000000.0,,,1564000000.0,
BOAS,T1,2016,4517000000.0,,,287000000.0,
BOAS,T3,2023,33486000000.0,,,12888000000.0,
BOAS,T3,2022,29461000000.0,,,10923000000.0,
BOAS,T3,2021,25593000000.0,,,7558000000.0,
BOAS,T3,2020,20986000000.0,,,5517000000.0,
BOAS,T3,2019,20728000000.0,,,6144000000.0,
BOAS,T3,2018,18565000000.0,,,5430000000.0,
BOAS,T3,2017,18773000000.0,,,5643000000.0,
BOAS,T4,2024,49666000000.0,,,19984000000.0,
BOAS,T4,2023,45426000000.0,,,17022000000.0,
CABC,An,2024,19125318524.0,19656293617.0,1784869818.0,1224827540.0,
CABC,An,2023,17752564089.0,19349647741.0,1748675441.0,1429806646.0,
CABC,An,2022,16481281370.0,17483499632.0,1631279564.0,1075181768.0,
CABC,An,2021,19036863791.0,16575486566.0,628129534.0,40094693.0,
CABC,An,2020,18897903618.0,13385894278.0,1662125484.0,1166658052.0,
CABC,An,2019,15199536904.0,13994028124.0,884361856.0,637951839.0,
CABC,An,2018,13290994189.0,13155114989.0,607549388.0,762719881.0,
CABC,An,2017,12476755925.0,11575103681.0,1353230250.0,980205997.0,
CABC,An,2016,10472392103.0,10259498642.0,884627483.0,597612951.0,
CABC,An,2015,13039493879.0,9155147794.0,1322145141.0,701167520.0,
CABC,S1,2024,9615000000.0,,834000000.0,548000000.0,
CABC,S1,2023,8489000000.0,,1005000000.0,745000000.0,
CABC,S1,2022,8515000000.0,,931000000.0,614000000.0,
CABC,S1,2021,8492000000.0,,575000000.0,304000000.0,
CABC,S1,2020,10451000000.0,,1590000000.0,1144000000.0,
CABC,S1,2019,6106000000.0,,573000000.0,503000000.0,
CABC,S1,2018,6474000000.0,,653000000.0,835000000.0,
CABC,S1,2017,6459000000.0,,1212000000.0,897000000.0,
CABC,S1,2016,5055000000.0,,392000000.0,251000000.0,
CABC,T1,2024,4709000000.0,,661000000.0,517000000.0,
CABC,T1,2023,4540000000.0,,787000000.0,588000000.0,
CABC,T1,2022,4549000000.0,,365000000.0,256000000.0,
CABC,T1,2021,3926000000.0,,380000000.0,239000000.0,
CABC,T1,2020,5467000000.0,,560000000.0,349000000.0,
CABC,T1,2019,2732000000.0,,-20000000.0,19000000.0,
CABC,T1,2018,2821000000.0,,,130000000.0,
CABC,T1,2017,3438000000.0,,,358000000.0,
CABC,T1,2016,2438000000.0,,,174000000.0,
CABC,T3,2024,14627000000.0,,1563000000.0,1055000000.0,
CABC,T3,2023,13048000000.0,,1231000000.0,887000000.0,
CABC,T3,2022,13129000000.0,,1294000000.0,863000000.0,
CABC,T3,2021,13523000000.0,,907000000.0,516000000.0,
CABC,T3,2020,14917000000.0,,1770000000.0,1281000000.0,
CABC,T3,2019,10291000000.0,,801000000.0,650000000.0,
CABC,T3,2017,2953000000.0,,,92000000.0,
CABC,T3,2016,2592000000.0,,,13000000.0,
CBIBF,An,2024,130987000000.0,2682791000000.0,88227000000.0,47937000000.0,
CBIBF,An,2023,125248000000.0,2488600000000.0,85727000000.0,64247000000.0,
CBIBF,An,2022,111106000000.0,2289034000000.0,74982000000.0,56478000000.0,
CBIBF,An,2021,90298000000.0,1952977000000.0,57840000000.0,46549000000.0,
CBIBF,An,2020,73982000000.0,1565195000000.0,48905000000.0,34373000000.0,
CBIBF,An,2019,59005000000.0,1211788000000.0,36508000000.0,27692000000.0,
CBIBF,An,2018,56705000000.0,1152245000000.0,34269000000.0,24531000000.0,
CBIBF,An,2017,45269000000.0,1132011000000.0,29218000000.0,19571000000.0,
CBIBF,An,2016,33737000000.0,884998000000.0,21849000000.0,16380000000.0,
CBIBF,An,2015,33505000000.0,648214000000.0,23486000000.0,15000000000.0,
CBIBF,S1,2024,59892000000.0,2584263000000.0,40086000000.0,33532000000.0,
CBIBF,S1,2023,57656000000.0,,39744000000.0,33179000000.0,
CBIBF,S1,2022,52324000000.0,,36330000000.0,27109000000.0,
CBIBF,S1,2021,42627000000.0,,28302000000.0,22706000000.0,
CBIBF,S1,2020,32624000000.0,,21244000000.0,16048000000.0,
CBIBF,S1,2019,29989000000.0,,19087000000.0,13789000000.0,
CBIBF,S1,2018,25780000000.0,,16636000000.0,11198000000.0,
CBIBF,S1,2017,22728000000.0,,15465000000.0,10074000000.0,
CBIBF,T1,2024,27889000000.0,,,16646000000.0,
CBIBF,T1,2023,28096000000.0,,,16569000000.0,
CBIBF,T1,2022,24238000000.0,,,14039000000.0,
CBIBF,T1,2021,22822000000.0,,,12443000000.0,
CBIBF,T1,2020,14762000000.0,,,7740000000.0,
CBIBF,T1,2019,15648000000.0,1158706000000.0,,7524000000.0,
CBIBF,T1,2018,11768000000.0,1107006000000.0,,6161000000.0,
CBIBF,T1,2017,11078000000.0,,,5810000000.0,
CBIBF,T3,2024,92405000000.0,,,49804000000.0,
CBIBF,T3,2023,91764000000.0,,,48912000000.0,
CBIBF,T3,2022,82244000000.0,,57513000000.0,43176000000.0,
CBIBF,T3,2021,64689000000.0,,42913000000.0,34737000000.0,
CBIBF,T3,2020,50309000000.0,,32089000000.0,24759000000.0,
CBIBF,T3,2019,41463000000.0,,27441000000.0,20564000000.0,
CBIBF,T3,2018,41327000000.0,,,19164000000.0,
CBIBF,T3,2017,34080000000.0,,,16819000000.0,
CBIBF,T3,2016,25421000000.0,,,13007000000.0,
CFAC,An,2024,158313246307.0,85012929523.0,7846693699.0,4693479450.0,
CFAC,An,2023,180161567179.0,87382395802.0,11108927577.0,6399494092.0,
CFAC,An,2022,146375310833.0,86632701302.0,9880523627.0,5533563559.0,
CFAC,An,2021,119731739139.0,66380321677.0,9408220777.0,6710916633.0,
CFAC,An,2020,99126215810.0,54494286602.0,5450011658.0,3779508079.0,
CFAC,An,2019,103289818986.0,58521584102.0,7482882635.0,5255468516.0,
CFAC,An,2018,97870689715.0,55583491203.0,8327956428.0,6489294992.0,
CFAC,An,2017,89981777048.0,58019897268.0,5941098870.0,4067139922.0,
CFAC,An,2016,65079283129.0,50368555628.0,5794061784.0,4094266129.0,
CFAC,An,2015,75268877329.0,59589799995.0,6177515567.0,4630508748.0,
CFAC,S1,2024,76995261000.0,,3730376000.0,2145251000.0,
CFAC,S1,2023,91085234000.0,,6103108000.0,3712447000.0,
CFAC,S1,2022,64533151000.0,,4409515000.0,2720415000.0,
CFAC,S1,2021,56857538000.0,,4903711000.0,3718656000.0,
CFAC,S1,2020,44358902000.0,,2037327000.0,1329824000.0,
CFAC,S1,2019,50975334000.0,,3741230000.0,2598508000.0,
CFAC,S1,2018,48391596000.0,,4291342000.0,2895889000.0,
CFAC,S1,2017,42105453000.0,,2420327000.0,1567736000.0,
CFAC,T1,2024,40320709406.0,,1967745868.0,1010141198.0,
CFAC,T1,2023,47003983941.0,,2496846390.0,1217413707.0,
CFAC,T1,2022,28690078993.0,,1068442226.0,380640740.0,
CFAC,T1,2021,28548704142.0,,3268661529.0,2753828308.0,
CFAC,T1,2020,26201333205.0,,2038334086.0,1432562530.0,
CFAC,T1,2019,26007467.0,,2223622.0,1563471.0,
CFAC,T1,2018,25428713.0,,2915382.0,2153858.0,
CFAC,T1,2017,15574058.0,,666167.0,424640.0,
CFAC,T3,2022,40463427766.0,,3127869483.0,1894806089.0,
CFAC,T3,2021,30313663755.0,,1990246144.0,1268245399.0,
CFAC,T3,2018,24275538865.0,,2010587961.0,1362597878.0,
CFAC,T3,2017,23668063925.0,,2054137504.0,1394992811.0,
CFAC,T3,2016,14742728987.0,,1157998418.0,703045843.0,
CIEC,An,2024,263294000000.0,2019136000000.0,16591000000.0,10101000000.0,
CIEC,An,2023,257218000000.0,1975051000000.0,16460000000.0,10633000000.0,
CIEC,An,2022,238854000000.0,1816387000000.0,15677000000.0,9819000000.0,
CIEC,An,2021,231783000000.0,1679593000000.0,15449000000.0,9757000000.0,
CIEC,An,2020,722628000000.0,1237732000000.0,22771000000.0,16170000000.0,
CIEC,An,2019,666829019000.0,1049470379000.0,10338703000.0,6534424000.0,
CIEC,An,2018,587236382000.0,928358908000.0,6976049000.0,4929701000.0,
CIEC,An,2017,593261420000.0,890899990000.0,3562398000.0,1986976000.0,
CIEC,An,2016,589635477000.0,1048196773000.0,14210307000.0,10780309000.0,
CIEC,An,2015,500366889000.0,848845496000.0,10815241000.0,8219879000.0,
CIEC,S1,2024,113520000000.0,,7243000000.0,4495000000.0,
CIEC,S1,2023,114672000000.0,,7918000000.0,4059000000.0,
CIEC,S1,2022,113465000000.0,,8363000000.0,5391000000.0,
CIEC,S1,2021,109101000000.0,,7894000000.0,4263000000.0,
CIEC,S1,2020,333149000000.0,,6165000000.0,3658000000.0,
CIEC,S1,2019,313444000000.0,,5858000000.0,3042000000.0,
CIEC,S1,2018,266293000000.0,,3225000000.0,1956000000.0,
CIEC,S1,2017,289965000000.0,,2648000000.0,1320000000.0,
CIEC,S1,2016,268062000000.0,,,7597000000.0,
CIEC,T1,2024,54206000000.0,,3624000000.0,2633000000.0,
CIEC,T1,2023,52271000000.0,,3002000000.0,1124000000.0,
CIEC,T1,2020,168481000000.0,,3135000000.0,1717000000.0,
CIEC,T1,2019,154272000000.0,,3156000000.0,1992000000.0,
CIEC,T1,2018,146076000000.0,,862000000.0,627000000.0,
CIEC,T3,2023,180556000000.0,,11981000000.0,6412000000.0,
CIEC,T3,2022,175419000000.0,,11484000000.0,7029000000.0,
CIEC,T3,2018,418454000000.0,,3056000000.0,1757000000.0,
CIEC,T3,2017,434685000000.0,,1869000000.0,579000000.0,
ECOC,An,2024,122316000000.0,2050681000000.0,67339000000.0,57477000000.0,
ECOC,An,2023,110189000000.0,1953299000000.0,60314000000.0,48071000000.0,
ECOC,An,2022,99155000000.0,1901235000000.0,54150000000.0,44598000000.0,
ECOC,An,2021,90545000000.0,1677707000000.0,47899000000.0,34304000000.0,
ECOC,An,2020,86521000000.0,1602345000000.0,42917000000.0,30018000000.0,
ECOC,An,2019,83400000000.0,1494457000000.0,39343000000.0,25365000000.0,
ECOC,An,2018,84822000000.0,1467881000000.0,38920000000.0,20707000000.0,
ECOC,An,2017,74117000000.0,1481553000000.0,33100000000.0,22835000000.0,
ECOC,An,2016,69997000000.0,1332410000000.0,,21898000000.0,
ECOC,An,2015,65390000000.0,1071489000000.0,,16961000000.0,
ECOC,S1,2024,58785000000.0,1854163000000.0,33053000000.0,25394000000.0,
ECOC,S1,2023,53158000000.0,1820797000000.0,30768000000.0,23922000000.0,
ECOC,S1,2022,45650000000.0,1641965000000.0,24874000000.0,17726000000.0,
ECOC,S1,2021,42268000000.0,1550394000000.0,22525000000.0,14740000000.0,
ECOC,S1,2020,39079000000.0,1374237000000.0,17901000000.0,12489000000.0,
ECOC,S1,2019,40239000000.0,,18590000000.0,12886000000.0,
ECOC,S1,2018,41662000000.0,,18867000000.0,11790000000.0,
ECOC,S1,2017,35636000000.0,,15016000000.0,10200000000.0,
ECOC,T1,2024,28082000000.0,1953547000000.0,,12404000000.0,
ECOC,T1,2023,25769000000.0,1748380000000.0,,11510000000.0,
ECOC,T1,2022,21245000000.0,1566368000000.0,11100000000.0,8493000000.0,
ECOC,T1,2021,22653000000.0,,12521000000.0,8481000000.0,
ECOC,T1,2020,19798000000.0,,8814000000.0,5062000000.0,
ECOC,T1,2019,19327000000.0,,8433000000.0,6388000000.0,
ECOC,T1,2018,18933000000.0,,,4969000000.0,
ECOC,T1,2017,16923000000.0,,,4577000000.0,
ECOC,T3,2024,86623000000.0,1754771000000.0,,38491000000.0,
ECOC,T3,2023,79715000000.0,1740673000000.0,,36296000000.0,
ECOC,T3,2022,70099000000.0,1683893000000.0,38764000000.0,28386000000.0,
ECOC,T3,2021,65312000000.0,,35155000000.0,24389000000.0,
ECOC,T3,2020,62295000000.0,,30052000000.0,22856000000.0,
ECOC,T3,2019,60606000000.0,,27264000000.0,17986000000.0,
ECOC,T3,2018,60886000000.0,,26804000000.0,12200000000.0,
ECOC,T3,2017,56369000000.0,,25764000000.0,16672000000.0,
ECOC,T3,2016,51634000000.0,,21536000000.0,14571000000.0,
ETIT,An,2024,1268402000000.0,17650776000000.0,595831000000.0,299706000000.0,
ETIT,An,2023,1251677000000.0,16164541000000.0,576877000000.0,246811000000.0,
ETIT,An,2022,1161428000000.0,17837510000000.0,492148000000.0,228750000000.0,
ETIT,An,2021,974058000000.0,15962697000000.0,,198151000000.0,
ETIT,An,2020,966891000000.0,13866171000000.0,,50837000000.0,
ETIT,An,2019,950264000000.0,13804166000000.0,321515000000.0,161047000000.0,
ETIT,An,2018,1014373000000.0,12891547000000.0,390374000000.0,138487000000.0,
ETIT,An,2017,1014872000000.0,12268963000000.0,387756000000.0,126656000000.0,
ETIT,An,2016,1178443000000.0,12763796000000.0,,-122464000000.0,
ETIT,An,2015,1251145000000.0,23553919000000.0,,107464000000.0,
ETIT,S1,2024,602720000000.0,,279820000000.0,137814000000.0,
ETIT,S1,2023,629215000000.0,,,130830000000.0,
ETIT,S1,2022,545943000000.0,,,111265000000.0,
ETIT,S1,2021,448679000000.0,,,83809000000.0,
ETIT,S1,2020,459216000000.0,,,76772000000.0,
ETIT,S1,2019,450397000000.0,,,95660000000.0,
ETIT,S1,2018,511649000000.0,,,94672000000.0,
ETIT,S1,2017,532357000000.0,,,72076000000.0,
ETIT,S1,2016,601726000000.0,,,89706000000.0,
ETIT,T1,2024,299667000000.0,16094656000000.0,138461000000.0,63453000000.0,
ETIT,T1,2023,295314000000.0,17320775000000.0,,53542000000.0,
ETIT,T1,2022,254855000000.0,15998306000000.0,,53801000000.0,
ETIT,T1,2021,222720000000.0,14319947000000.0,,46185000000.0,
ETIT,T1,2020,233826000000.0,13900676000000.0,,40187000000.0,
ETIT,T1,2019,224240000000.0,12699131000000.0,,48835000000.0,
ETIT,T1,2018,247347000000.0,11929126000000.0,,48481000000.0,
ETIT,T1,2017,261110000000.0,12542080000000.0,,37429000000.0,
ETIT,T3,2024,898105000000.0,,,205860000000.0,
ETIT,T3,2023,919328000000.0,,,190097000000.0,
ETIT,T3,2022,836518000000.0,,,172184000000.0,
ETIT,T3,2021,693709000000.0,,,140454000000.0,
ETIT,T3,2020,708863000000.0,,,15809000000.0,
ETIT,T3,2019,682441000000.0,13597389000000.0,,127310000000.0,
ETIT,T3,2018,769074000000.0,12394563000000.0,,139093000000.0,
ETIT,T3,2017,744732000000.0,,124942000000.0,104325000000.0,
ETIT,T3,2016,841892000000.0,,165552000000.0,126315000000.0,
FTSC,An,2024,30694517000.0,61061747000.0,-882181000.0,18595275000.0,
FTSC,An,2023,38214972000.0,50701178000.0,1601400000.0,3075972000.0,
FTSC,An,2022,45464126000.0,54851509000.0,-203064000.0,153483000.0,
FTSC,An,2021,41473743000.0,53741474000.0,-1048574000.0,-1276336000.0,
FTSC,An,2020,39020184000.0,53788997000.0,30688000.0,3551668000.0,
FTSC,An,2019,40436698000.0,51051574000.0,2192357000.0,1855141000.0,
FTSC,An,2018,43898979000.0,56064645000.0,2260417000.0,1682581000.0,
FTSC,An,2017,46320367000.0,58000496000.0,2982073000.0,2492106000.0,
FTSC,An,2016,40188913000.0,54488990000.0,2157441000.0,2455733000.0,
FTSC,An,2015,46758815000.0,57476312000.0,3314092000.0,3929175000.0,
FTSC,S1,2024,12099000000.0,,-1300000000.0,3133000000.0,
FTSC,S1,2023,19630000000.0,,306000000.0,2612000000.0,
FTSC,S1,2022,19485000000.0,,-743000000.0,201000000.0,
FTSC,S1,2021,18227000000.0,,-79000000.0,-136000000.0,
FTSC,S1,2020,17077000000.0,,-677000000.0,744000000.0,
FTSC,S1,2019,17735000000.0,,20000000.0,254000000.0,
FTSC,S1,2018,19656000000.0,,107000000.0,-59000000.0,
FTSC,S1,2017,20974000000.0,,592000000.0,1009000000.0,
FTSC,S1,2016,18433000000.0,,-124000000.0,,
FTSC,T1,2024,5372000000.0,,204000000.0,,
FTSC,T1,2023,10854000000.0,,308000000.0,,
FTSC,T1,2022,10935000000.0,,-103000000.0,,
FTSC,T1,2021,9921000000.0,,322000000.0,,
FTSC,T1,2020,9531000000.0,,475000000.0,,
FTSC,T1,2019,10540000000.0,,232000000.0,,
FTSC,T1,2018,11736000000.0,,372000000.0,,
FTSC,T1,2017,11806000000.0,,610000000.0,,
FTSC,T1,2016,10517000000.0,,,,
FTSC,T3,2024,18486000000.0,,-1104000000.0,,
FTSC,T3,2023,27095000000.0,,1062000000.0,,
FTSC,T3,2022,26393000000.0,,-583000000.0,,
FTSC,T3,2021,25280000000.0,,-53000000.0,,
FTSC,T3,2020,24041000000.0,,-179000000.0,,
FTSC,T3,2019,24111000000.0,,158000000.0,,
FTSC,T3,2018,26422000000.0,,,,
FTSC,T3,2017,27893000000.0,,,1132000000.0,
FTSC,T3,2016,25303000000.0,,,1132000000.0,
LNBB,An,2024,102544000000.0,29053000000.0,4458000000.0,7176000000.0,
LNBB,An,2023,93915000000.0,40646000000.0,5122000000.0,3914000000.0,
LNBB,An,2022,74290000000.0,36444000000.0,8836000000.0,6748000000.0,
LNBB,An,2021,79933000000.0,31453000000.0,10186000000.0,5072000000.0,
LNBB,T1,2024,25769000000.0,,2112000000.0,1501000000.0,
NEIC,An,2024,6744255774.0,6675647428.0,603453112.0,-759371358.0,
NEIC,An,2023,8525436230.0,9058172062.0,1850072232.0,1167140182.0,
NEIC,An,2022,8988063184.0,7358890518.0,1794653147.0,1212304460.0,
NEIC,An,2021,8874246101.0,9690766917.0,1787649834.0,980247893.0,
NEIC,An,2020,7301216273.0,9110103553.0,1365392841.0,800792587.0,
NEIC,An,2019,6438263501.0,7608319991.0,1155381970.0,587989815.0,
NEIC,An,2018,8106737783.0,7468789431.0,998042475.0,774874633.0,
NEIC,An,2017,6008474693.0,5827748949.0,547722429.0,505507847.0,
NEIC,An,2016,3350791142.0,4869324580.0,-1412161570.0,-124705870.0,
NEIC,An,2015,,8959577337.0,-791234999.0,-346599298.0,
NEIC,S1,2024,1697302514.0,,-49491090.0,-20528921.0,
NEIC,S1,2023,2511375791.0,,467003574.0,162296349.0,
NEIC,S1,2022,2852452553.0,,872579191.0,494390382.0,
NEIC,S1,2021,1656997326.0,,207303564.0,-187979771.0,
NEIC,S1,2020,1208808634.0,,-119435933.0,-401453673.0,
NEIC,S1,2019,965349096.0,,-163713878.0,-572334450.0,
NEIC,S1,2018,626791101.0,,-308392485.0,-313091602.0,
NEIC,S1,2017,2174717915.0,,-73702079.0,-88919822.0,
NEIC,S1,2016,92068191.0,,-1178283743.0,-1234274377.0,
NEIC,T1,2024,105827562.0,,-181125157.0,-94719306.0,
NEIC,T1,2023,92677733.0,,-305775191.0,-270229489.0,
NEIC,T1,2022,126648922.0,,-197217782.0,-154272675.0,
NEIC,T1,2021,190162140.0,,-173172815.0,-154988582.0,
NEIC,T1,2020,241884684.0,,-222315723.0,-200006943.0,
NEIC,T1,2019,105782704.0,,-222221349.0,-214826420.0,
NEIC,T1,2018,110338890.0,,-266786277.0,-267881358.0,
NEIC,T1,2017,138185695.0,,-200490978.0,-199248426.0,
NEIC,T3,2024,5223554804.0,,807297725.0,711091001.0,
NEIC,T3,2023,7260894436.0,,1726073297.0,1109162313.0,
NEIC,T3,2022,7410767022.0,,1851463093.0,1268594062.0,
NEIC,T3,2021,7166686145.0,,1958391860.0,1200934099.0,
NEIC,T3,2020,4697251431.0,,766067874.0,391598165.0,
NEIC,T3,2019,4727595063.0,,1032584627.0,490153030.0,
NEIC,T3,2018,6493100599.0,,1131640018.0,843310100.0,
NEIC,T3,2017,4841940627.0,,505931786.0,462619900.0,
NEIC,T3,2016,2457878759.0,,-788593707.0,-872905282.0,
NSBC,An,2024,97819000000.0,2514388000000.0,39400000000.0,38112000000.0,
NSBC,An,2023,91002000000.0,2037064000000.0,37922000000.0,34813000000.0,
NSBC,An,2022,80105000000.0,1885056000000.0,29506000000.0,32382000000.0,
NSBC,An,2021,76622000000.0,1644547000000.0,29199000000.0,23713000000.0,
NSBC,An,2020,71364000000.0,1549535000000.0,23888000000.0,7201000000.0,
NSBC,An,2019,63150000000.0,1193793000000.0,19986000000.0,13617000000.0,
NSBC,An,2018,67762000000.0,1084734000000.0,25368000000.0,12196000000.0,
NSBC,An,2017,62672000000.0,1013259000000.0,22840000000.0,10015000000.0,
NSBC,An,2016,58691000000.0,843226000000.0,23891000000.0,17120000000.0,
NSBC,An,2015,48143000000.0,750062000000.0,16763000000.0,14296000000.0,
NSBC,S1,2024,45700000000.0,2159000000000.0,18300000000.0,14528000000.0,
NSBC,S1,2023,41400000000.0,1957400000000.0,16400000000.0,11400000000.0,
NSBC,S1,2022,36100000000.0,1711000000000.0,13220000000.0,9622000000.0,
NSBC,S1,2021,35901000000.0,1506014000000.0,12829000000.0,10028000000.0,
NSBC,S1,2020,30353000000.0,1230473000000.0,9094000000.0,2826000000.0,
NSBC,S1,2019,32354000000.0,1148696000000.0,10233000000.0,5907000000.0,
NSBC,S1,2018,35423000000.0,1029107000000.0,15551000000.0,4557000000.0,
NSBC,S1,2017,32979000000.0,986844000000.0,14344000000.0,10710000000.0,
NSBC,T1,2024,21849000000.0,2078021000000.0,,7103000000.0,
NSBC,T1,2023,21383000000.0,2037064000000.0,,6559000000.0,
NSBC,T1,2022,16991000000.0,,,3680000000.0,
NSBC,T1,2021,17028000000.0,,,3325000000.0,
NSBC,T1,2020,15796000000.0,,,2510000000.0,
NSBC,T1,2019,15877000000.0,,,2817000000.0,
NSBC,T1,2018,17380000000.0,,,2057000000.0,
NSBC,T1,2017,16189000000.0,,,4231000000.0,
NSBC,T3,2024,72573000000.0,2229850000000.0,,23687000000.0,
NSBC,T3,2023,63416000000.0,1932909000000.0,,18346000000.0,
NSBC,T3,2022,56843000000.0,,,15100000000.0,
NSBC,T3,2021,54074000000.0,1524253000000.0,,14722000000.0,
NSBC,T3,2020,45866000000.0,1333358000000.0,,4855000000.0,
NSBC,T3,2019,46948000000.0,,,7569000000.0,
NSBC,T3,2018,52196000000.0,,,8944000000.0,
NSBC,T3,2017,49217000000.0,,,14652000000.0,
NSBC,T3,2016,42693000000.0,,,12326000000.0,
NTLC,An,2024,220113267165.0,177852053839.0,35276845649.0,18149967087.0,
NTLC,An,2023,203618293047.0,170340779234.0,30164175277.0,16556698463.0,
NTLC,An,2022,206734071633.0,173973911073.0,29119596834.0,16627044028.0,
NTLC,An,2021,195188462419.0,145821269898.0,32776948100.0,21268135622.0,
NTLC,An,2020,173224766894.0,117982059661.0,27076473678.0,20899537493.0,
NTLC,An,2019,156324352426.0,114901007090.0,2398689273.0,-3517664369.0,
NTLC,An,2018,142870789407.0,121739821271.0,6812464871.0,819348971.0,
NTLC,An,2017,148479566904.0,145636661660.0,951839489.0,-4307648559.0,
NTLC,An,2016,128911736851.0,150708401078.0,4110322172.0,1081956120.0,
NTLC,An,2015,136317772041.0,129950874446.0,8796692227.0,3135116948.0,
NTLC,S1,2024,116439970331.0,,20910524440.0,12361204203.0,
NTLC,S1,2023,99406906812.0,,15252309779.0,8116566626.0,
NTLC,S1,2022,116525051876.0,,18898241813.0,10222542156.0,
NTLC,S1,2021,98793224581.0,,16444086544.0,11156605711.0,
NTLC,S1,2020,87446168421.0,,10118347367.0,10770324557.0,
NTLC,S1,2019,79258936138.0,,3379474485.0,181352699.0,
NTLC,S1,2018,78013392874.0,,6668416761.0,1509163232.0,
NTLC,S1,2017,69595767055.0,,4250703473.0,2398135141.0,
NTLC,S1,2016,64484175827.0,,4416058130.0,2149709771.0,
NTLC,T1,2024,60748134183.0,,,4616715612.0,
NTLC,T1,2023,52735533488.0,,,3357252561.0,
NTLC,T1,2022,57827644484.0,,,2220529563.0,
NTLC,T1,2021,48059969549.0,,,4026687777.0,
NTLC,T1,2020,41432401633.0,,,405568131.0,
NTLC,T1,2019,37223803391.0,,,255763000.0,
NTLC,T1,2016,33835272000.0,,,1808754000.0,
NTLC,T3,2024,171080887336.0,,,15160838111.0,
NTLC,T3,2023,148651723617.0,,,11199464454.0,
NTLC,T3,2022,174596831597.0,,,13188387513.0,
NTLC,T3,2021,148320398622.0,,,18346606460.0,
NTLC,T3,2020,133036690982.0,,,14610499779.0,
NTLC,T3,2019,116927988932.0,,,4590328770.0,
ONTBF,An,2024,141841255000.0,301493039000.0,33565160000.0,21471149000.0,
ONTBF,An,2023,139153817000.0,288000217000.0,33311787000.0,21129277000.0,
ONTBF,An,2022,145625177000.0,269895441000.0,35677978000.0,22372337000.0,
ONTBF,An,2021,154881403000.0,241725098000.0,48604853000.0,32374022000.0,
ONTBF,An,2020,157358290000.0,247794252000.0,48520695000.0,31051548000.0,
ONTBF,An,2019,154061444000.0,261563615000.0,45759267000.0,30085908000.0,
ONTBF,An,2018,159027389000.0,200272517000.0,45955025000.0,31814300000.0,
ONTBF,An,2017,162722955000.0,191724262000.0,43558482000.0,28284547000.0,
ONTBF,An,2016,157472108000.0,193948332000.0,40729790000.0,24043621000.0,
ONTBF,An,2015,144774489000.0,198176830000.0,38432698000.0,25277775000.0,
ONTBF,S1,2024,70996000000.0,,16034000000.0,9330000000.0,
ONTBF,S1,2023,69834000000.0,,17174000000.0,11163000000.0,
ONTBF,S1,2022,75058000000.0,,19328000000.0,12526000000.0,
ONTBF,S1,2021,78912000000.0,,25605000000.0,17476000000.0,
ONTBF,S1,2020,79995000000.0,,23480000000.0,14586000000.0,
ONTBF,S1,2019,78361000000.0,,21495000000.0,13884000000.0,
ONTBF,S1,2018,83411000000.0,,26962000000.0,19191000000.0,
ONTBF,S1,2017,82109000000.0,,21503000000.0,15221000000.0,
ONTBF,S1,2016,81709000000.0,,23062000000.0,14164000000.0,
ONTBF,T1,2024,34693000000.0,,,5279000000.0,
ONTBF,T1,2023,34268000000.0,,,4827000000.0,
ONTBF,T1,2022,37905000000.0,,,6811000000.0,
ONTBF,T1,2021,39755000000.0,,,7967000000.0,
ONTBF,T1,2020,40756000000.0,,,7624000000.0,
ONTBF,T1,2019,39218000000.0,,,7991000000.0,
ONTBF,T1,2018,41540000000.0,,,9827000000.0,
ONTBF,T1,2017,41463000000.0,,,10310000000.0,
ONTBF,T1,2016,42181000000.0,,,6500000000.0,
ONTBF,T3,2024,106269000000.0,,,13296000000.0,
ONTBF,T3,2023,104379000000.0,,,16183000000.0,
ONTBF,T3,2022,110280000000.0,,,16852000000.0,
ONTBF,T3,2021,116824000000.0,,,24740000000.0,
ONTBF,T3,2020,117275000000.0,,,20471000000.0,
ONTBF,T3,2019,116128000000.0,,,21320000000.0,
ONTBF,T3,2018,121703000000.0,,,27915000000.0,
ONTBF,T3,2017,120653000000.0,,,23072000000.0,
ONTBF,T3,2016,120937000000.0,,,17655000000.0,
ORAC,An,2024,1084100000000.0,2309100000000.0,263200000000.0,158200000000.0,
ORAC,An,2023,1016532000000.0,2074719000000.0,257960000000.0,154890000000.0,
ORAC,An,2022,965025000000.0,2017757000000.0,260834000000.0,153485000000.0,
ORAC,An,2021,965042000000.0,1755021000000.0,245539000000.0,155835000000.0,
ORAC,An,2020,871393000000.0,1617427000000.0,205979000000.0,122208000000.0,
ORAC,An,2019,784054000000.0,1531750000000.0,168453000000.0,106842000000.0,
ORAC,S1,2024,527200000000.0,,132000000000.0,75900000000.0,
ORAC,S1,2023,498700000000.0,,100300000000.0,55900000000.0,
ORAC,S1,2022,480100000000.0,,131800000000.0,83700000000.0,
ORAC,S1,2021,466000000000.0,,105000000000.0,68000000000.0,
ORAC,T1,2024,261100000000.0,,,37900000000.0,
ORAC,T1,2023,246200000000.0,,,33000000000.0,
ORAC,T1,2022,237000000000.0,,,28000000000.0,
ORAC,T3,2024,796900000000.0,,,118600000000.0,
ORAC,T3,2023,753200000000.0,,,86000000000.0,
ORAC,T3,2022,714800000000.0,,,106600000000.0,
ORGT,An,2024,,3961395000000.0,-44764000000.0,-44363000000.0,
ORGT,An,2023,,4236478000000.0,-32255000000.0,-18186000000.0,
ORGT,An,2022,,4732757000000.0,24928000000.0,19199000000.0,
ORGT,An,2021,,4058135000000.0,27131000000.0,19798000000.0,
ORGT,An,2020,,3268244000000.0,15276000000.0,9440000000.0,
ORGT,An,2019,,2634338000000.0,23790000000.0,18327000000.0,
ORGT,An,2018,,2159904000000.0,17265000000.0,12491000000.0,
ORGT,An,2017,,1794196000000.0,27391000000.0,21972000000.0,
ORGT,An,2016,,1637498000000.0,27834000000.0,15150000000.0,
ORGT,An,2015,,1492922000000.0,12990000000.0,7972000000.0,
ORGT,S1,2024,,,,-13855000000.0,
ORGT,S1,2023,,,,-33479000000.0,
ORGT,S1,2022,,,,14470000000.0,
ORGT,S1,2021,,,,9597000000.0,
ORGT,S1,2020,,,,1409000000.0,
ORGT,S1,2019,,,,2782000000.0,
ORGT,S1,2018,,,,7003000000.0,
ORGT,T1,2024,,,,-3012000000.0,
ORGT,T1,2023,,,,-3965000000.0,
ORGT,T1,2022,,,,5888000000.0,
ORGT,T1,2021,,,,2664000000.0,
ORGT,T1,2020,,,,643000000.0,
ORGT,T1,2019,,,,4036000000.0,
ORGT,T3,2024,,,,-13247000000.0,
ORGT,T3,2023,,,,-27379000000.0,
ORGT,T3,2022,,,,14761000000.0,
ORGT,T3,2021,,,,14646000000.0,
ORGT,T3,2020,,,,5093000000.0,
ORGT,T3,2019,,,,9094000000.0,
ORGT,T3,2018,,,,2615000000.0,
PALC,An,2024,172182502000.0,202603319000.0,19393765000.0,15861643000.0,
PALC,An,2023,206244391000.0,205938435000.0,28502239000.0,19351846000.0,
PALC,An,2022,232712921927.0,211882054214.0,56649930999.0,41693172115.0,
PALC,An,2021,195659428255.0,167045712552.0,56689991420.0,42473119895.0,
PALC,An,2020,119759702243.0,138598826714.0,5512352378.0,3521647345.0,
PALC,An,2019,104587934779.0,126600342382.0,-3978947043.0,-5562420807.0,
PALC,An,2018,100793109046.0,117298825226.0,-11605542144.0,-12612926295.0,
PALC,An,2017,134796451918.0,127545989450.0,12469842966.0,8707734117.0,
PALC,An,2016,115125992327.0,131814168746.0,7411484822.0,4132788998.0,
PALC,An,2015,116473209881.0,148027616008.0,2487649483.0,-482713689.0,
PALC,S1,2024,107450669000.0,,23030810000.0,16692591000.0,
PALC,S1,2023,134797910000.0,,31447833000.0,23030820000.0,
PALC,S1,2022,149201866000.0,,55727625000.0,41393818000.0,
PALC,S1,2021,110064498000.0,,40643565000.0,31372570000.0,
PALC,S1,2020,75980472000.0,,11561571000.0,10610475000.0,
PALC,S1,2019,66497628000.0,,9760195000.0,9077333000.0,
PALC,S1,2017,91331383000.0,,22509399000.0,16281751000.0,
PALC,S1,2016,71472232000.0,,11172384000.0,8382763000.0,
PALC,S2,2019,104587935000.0,,-3978947000.0,-5562421000.0,
PALC,S2,2018,100793109000.0,,-11605542000.0,-12612926000.0,
PALC,S2,2017,134796452000.0,,12460936000.0,8707734000.0,
PALC,S2,2016,115125992000.0,,7411485000.0,4132789000.0,
PALC,T1,2024,51001068000.0,,,6986441000.0,
PALC,T1,2023,64339996000.0,,,9416352000.0,
PALC,T1,2022,71426626000.0,,,18565357000.0,
PALC,T1,2021,49929701000.0,,,12134025000.0,
PALC,T1,2020,40949025000.0,,,6848746000.0,
PALC,T1,2019,31270898000.0,,,2809453000.0,
PALC,T1,2018,34502808000.0,,,1123565000.0,
PALC,T1,2016,30431013000.0,,3447063000.0,2116909000.0,
PALC,T3,2024,143468442000.0,,,16156388000.0,
PALC,T3,2023,172795053000.0,,,22252800000.0,
PALC,T3,2022,189320122000.0,,,41419739000.0,
PALC,T3,2021,152647849000.0,,,36390491000.0,
PALC,T3,2020,95687852000.0,,,7136283000.0,
PALC,T3,2019,85860778000.0,,,4431555000.0,
PALC,T3,2018,82535501000.0,,,-3166607000.0,
PALC,T3,2017,115082390000.0,,20905798000.0,14932806000.0,
PALC,T3,2016,97128459000.0,,10781490000.0,7556664000.0,
PRSC,An,2024,74676306000.0,45185940000.0,1775583000.0,2346712000.0,
PRSC,An,2023,77878846000.0,51245507000.0,3253377000.0,2084428000.0,
PRSC,An,2022,70092375000.0,52168892000.0,5248854000.0,3644247000.0,
PRSC,An,2021,65019456000.0,36448051000.0,4888777000.0,3067383000.0,
PRSC,An,2020,51108000000.0,31274000000.0,2930000000.0,1863000000.0,
PRSC,An,2019,54776000000.0,35607000000.0,2807000000.0,1807000000.0,
PRSC,An,2018,51556000000.0,36767591000.0,3038000000.0,2012751000.0,
PRSC,An,2017,51186628000.0,35717569000.0,1561676000.0,682661000.0,
PRSC,An,2016,55652275000.0,33564901000.0,3081699000.0,2016938000.0,
PRSC,An,2015,55789241000.0,31767185000.0,4209188000.0,2781913000.0,
PRSC,S1,2024,34723000000.0,,252000000.0,51000000.0,
PRSC,S1,2023,37254000000.0,,1544000000.0,1046000000.0,
PRSC,S1,2022,36300000000.0,,3315000000.0,2347000000.0,
PRSC,S1,2021,28879000000.0,,2086000000.0,1358000000.0,
PRSC,S1,2020,23821000000.0,,935000000.0,478000000.0,
PRSC,S1,2019,26623000000.0,,1285000000.0,850000000.0,
PRSC,S1,2018,23187000000.0,,1360000000.0,861000000.0,
PRSC,S1,2017,25133000000.0,,,,
PRSC,S1,2016,28083000000.0,,,,
PRSC,T1,2024,18344124120.0,,,81026629.0,
PRSC,T1,2023,21228088687.0,,,848248019.0,
PRSC,T1,2022,17076391814.0,,,1260233395.0,
PRSC,T1,2021,14827947796.0,,,707172036.0,
PRSC,T1,2020,13926530854.0,,,408814404.0,
PRSC,T1,2019,13258078226.0,,,409443083.0,
PRSC,T3,2023,55937281969.0,,,1304757980.0,
PRSC,T3,2022,51843203879.0,,,2879641263.0,
PRSC,T3,2021,48000714063.0,,,2791861250.0,
PRSC,T3,2020,37009672738.0,,,1082208302.0,
PRSC,T3,2019,40463741915.0,,,1100605907.0,
SAFC,An,2024,,74195000000.0,-75000000.0,-165000000.0,
SAFC,An,2023,,70073000000.0,-422000000.0,-579000000.0,
SAFC,An,2022,,67022000000.0,,-235000000.0,
SAFC,An,2021,,64690000000.0,-550000000.0,-603000000.0,
SAFC,An,2020,,66533000000.0,-1403000000.0,-1640000000.0,
SAFC,An,2019,,63371000000.0,-86000000.0,-211000000.0,
SAFC,An,2018,,62861000000.0,148000000.0,67000000.0,
SAFC,An,2017,,71744000000.0,-2858000000.0,-2932000000.0,
SAFC,An,2016,,68038000000.0,,-452000000.0,
SAFC,An,2015,,65144000000.0,,71000000.0,
SAFC,S1,2024,,68618000000.0,,-37000000.0,
SAFC,S1,2023,,65964000000.0,,-64000000.0,
SAFC,S1,2022,,,,-218000000.0,
SAFC,S1,2021,,,,-631000000.0,
SAFC,S1,2020,,,,-402000000.0,
SAFC,S1,2019,,,,-211000000.0,
SAFC,S1,2018,,,,,
SAFC,S1,2017,,,,-1344000000.0,
SAFC,S1,2016,,,,-118000000.0,
SAFC,T1,2024,,72390000000.0,,-407000000.0,
SAFC,T1,2023,,65044000000.0,,-228000000.0,
SAFC,T1,2022,,76265000000.0,,-273000000.0,
SAFC,T1,2021,,67509000000.0,,-444000000.0,
SAFC,T1,2020,,64455000000.0,,-584000000.0,
SAFC,T1,2019,,63369000000.0,,-579000000.0,
SAFC,T3,2023,,,,-351000000.0,
SAFC,T3,2022,,,,-152000000.0,
SAFC,T3,2021,,,,-887000000.0,
SAFC,T3,2020,,,,-1093000000.0,
SAFC,T3,2019,,,,-992000000.0,
SAFC,T4,2024,,74195000000.0,,-165000000.0,
SAFC,T4,2023,,70073000000.0,,-579000000.0,
SAFC,T4,2022,,67022000000.0,,-235000000.0,
SAFC,T4,2021,,64690000000.0,,-603000000.0,
SAFC,T4,2020,,66533000000.0,,-1640000000.0,
SAFC,T4,2019,,63371000000.0,,-211000000.0,
SCRC,An,2024,87219000000.0,123092000000.0,8076000000.0,2591000000.0,
SCRC,An,2023,68135000000.0,115465000000.0,-4912000000.0,-10324000000.0,
SCRC,An,2022,68635000000.0,124042000000.0,-4861000000.0,-8756000000.0,
SCRC,An,2021,62497000000.0,107247000000.0,-2715000000.0,-6573000000.0,
SCRC,An,2020,63333000000.0,94560000000.0,4404000000.0,1788000000.0,
SCRC,An,2019,56656000000.0,92298000000.0,-1134000000.0,-5339000000.0,
SCRC,An,2018,56187000000.0,93617000000.0,1508000000.0,-301000000.0,
SCRC,An,2017,56162000000.0,91140000000.0,3833000000.0,3147000000.0,
SCRC,An,2016,52799000000.0,79787000000.0,6471000000.0,4269000000.0,
SCRC,An,2015,47728000000.0,74490000000.0,8442000000.0,5867000000.0,
SCRC,S1,2024,45147420384.0,,4287278203.0,1263847895.0,
SCRC,S1,2023,41304548712.0,,-4972694221.0,-8159358060.0,
SCRC,S1,2022,37705501724.0,,-561200016.0,-2437568930.0,
SCRC,S1,2021,31672246264.0,,4257255255.0,2770763052.0,
SCRC,S1,2020,34479059279.0,,4448688409.0,2820366723.0,
SCRC,S1,2019,33007128465.0,,-605273464.0,-3573901281.0,
SCRC,S1,2017,32281082749.0,,3121363835.0,2622118825.0,
SCRC,S1,2016,31236416931.0,,7881969928.0,5415725822.0,
SCRC,T1,2024,28842209966.0,,6162414933.0,4686929801.0,
SCRC,T1,2023,24618058432.0,,,2601450050.0,
SCRC,T1,2022,20959899142.0,,,6069920078.0,
SCRC,T1,2021,16782571568.0,,,4753038293.0,
SCRC,T1,2020,16532044296.0,,,3522664245.0,
SCRC,T1,2019,16118041661.0,,,2856118074.0,
SCRC,T1,2018,14617349949.0,,,3427634396.0,
SCRC,T1,2017,15221717620.0,,,4223767358.0,
SCRC,T1,2016,15353000000.0,,,5068000000.0,
SCRC,T3,2024,59805461590.0,,-1077767863.0,-5191997803.0,
SCRC,T3,2023,53972184618.0,,-9682287775.0,-14046142368.0,
SCRC,T3,2022,50552361030.0,,-5359944121.0,-8210121702.0,
SCRC,T3,2021,44961244276.0,,510253350.0,-1846960146.0,
SCRC,T3,2020,48400326575.0,,1081439998.0,-931027588.0,
SCRC,T3,2019,42160647160.0,,-4286497163.0,-7705580243.0,
SCRC,T3,2017,40392828360.0,,,-1530885773.0,
SCRC,T3,2016,40376683314.0,,,2683329253.0,
SCRC,T4,2024,87219126842.0,,8076140771.0,2590611302.0,
SCRC,T4,2023,68134693800.0,,-4911844712.0,-10324162375.0,
SCRC,T4,2017,56161506868.0,,,3516894927.0,
SCRC,T4,2016,52799255080.0,,,4268913564.0,
SDCC,An,2024,172235053000.0,432406017000.0,6770541000.0,3560488000.0,
SDCC,An,2023,175458474000.0,381717984000.0,9389199000.0,4903679000.0,
SDCC,An,2022,160671009000.0,353554454000.0,8148301000.0,4805517000.0,
SDCC,An,2021,135513686000.0,297251401000.0,6720471000.0,4352130000.0,
SDCC,An,2020,127480235000.0,271676820000.0,6372159000.0,4307472000.0,
SDCC,An,2019,98432703000.0,238492326000.0,3825358000.0,2863674000.0,
SDCC,An,2018,98432703000.0,211328883000.0,3825358000.0,2863674000.0,
SDCC,An,2017,91269535000.0,194875718000.0,2262877000.0,2722632000.0,
SDCC,An,2016,87982585000.0,171159852000.0,3535852000.0,2707132000.0,
SDCC,An,2015,87928604000.0,163830346000.0,4673360000.0,3291132000.0,
SDCC,S1,2024,82612000000.0,,3503000000.0,1780000000.0,
SDCC,S1,2023,74139000000.0,,3444000000.0,1683000000.0,
SDCC,S1,2022,75537000000.0,,3659000000.0,2516000000.0,
SDCC,S1,2021,60902000000.0,,3846000000.0,2198000000.0,
SDCC,S1,2020,59362000000.0,,2654000000.0,1872000000.0,
SDCC,S1,2019,45413000000.0,,1480000000.0,1235000000.0,
SDCC,S1,2018,44397000000.0,,748000000.0,535000000.0,
SDCC,S1,2017,42688000000.0,,1034000000.0,956000000.0,
SDCC,S1,2016,42927000000.0,,1287000000.0,969000000.0,
SDCC,T1,2024,38253000000.0,,1388000000.0,504000000.0,
SDCC,T1,2023,37114000000.0,,1932000000.0,915000000.0,
SDCC,T1,2022,37080000000.0,,1606000000.0,1050000000.0,
SDCC,T1,2021,28823000000.0,,1600000000.0,827000000.0,
SDCC,T1,2020,27606000000.0,,1361000000.0,794000000.0,
SDCC,T1,2019,21968000000.0,,1172000000.0,828000000.0,
SDCC,T3,2023,120735000000.0,,3430000000.0,2048000000.0,
SDCC,T3,2022,117258000000.0,,5203000000.0,3658000000.0,
SDCC,T3,2021,100302000000.0,,4756000000.0,2981000000.0,
SDCC,T3,2020,93517000000.0,,4733000000.0,3447000000.0,
SDSC,An,2024,85643038000.0,188126016000.0,941676000.0,21068974000.0,
SDSC,An,2023,82623385000.0,157732884000.0,547366000.0,17138527000.0,
SDSC,An,2022,86997124000.0,149633952000.0,722915000.0,10044129000.0,
SDSC,An,2021,88721263000.0,155596245000.0,4291214000.0,13942342000.0,
SDSC,An,2020,84240507000.0,131059140000.0,4569724000.0,13454872000.0,
SDSC,An,2019,88182968000.0,122156696000.0,4093959000.0,9382776000.0,
SDSC,An,2018,89298914000.0,124996474000.0,3835243000.0,10408503000.0,
SDSC,An,2017,90321343000.0,124079641000.0,8063862000.0,13143413000.0,
SDSC,An,2016,85335247000.0,110503029000.0,6252750000.0,10122716000.0,
SDSC,An,2015,83269203000.0,105774171000.0,3314092000.0,7328376000.0,
SDSC,S1,2024,42651885588.0,,-1292591350.0,18609163950.0,
SDSC,S1,2023,43234276500.0,,806572314.0,13562380632.0,
SDSC,S1,2022,44978821308.0,,212543226.0,11892622449.0,
SDSC,S1,2021,45472856721.0,,2087370724.0,12973997419.0,
SDSC,S1,2020,43677805851.0,,1642919997.0,10833088160.0,
SDSC,S1,2019,46792947562.0,,2873177813.0,11768097910.0,
SDSC,S1,2018,46975904930.0,,2889523522.0,8940180112.0,
SDSC,S1,2017,47738152285.0,,4957088305.0,11643459114.0,
SDSC,S1,2016,45003821468.0,,3576368347.0,9527628101.0,
SDSC,T1,2024,21706375000.0,,,-416350000.0,
SDSC,T1,2023,23470387000.0,,,611980000.0,
SDSC,T1,2022,23315913000.0,,,33499000.0,
SDSC,T1,2021,24389039000.0,,,1351793000.0,
SDSC,T1,2020,24283620000.0,,,1101011000.0,
SDSC,T1,2019,24961098000.0,,,1444484000.0,
SDSC,T1,2018,24845928000.0,,,1688040000.0,
SDSC,T1,2017,25007295000.0,,,2269308000.0,
SDSC,T3,2024,61657597000.0,,,17917515000.0,
SDSC,T3,2023,62067879000.0,,,17986871000.0,
SDSC,T3,2022,62837741000.0,,,9857981000.0,
SDSC,T3,2021,65940893000.0,,,12555665000.0,
SDSC,T3,2020,61274209000.0,,,10729325000.0,
SDSC,T3,2019,65056913000.0,,,10571031000.0,
SDSC,T3,2018,66277991000.0,,,7875439000.0,
SDSC,T3,2017,67359827000.0,,,11836623000.0,
SDSC,T3,2016,63482980000.0,,,9113994000.0,
SEMC,An,2023,27874878000.0,30745260000.0,1460429000.0,1012055000.0,
SEMC,An,2022,29602761000.0,32641511000.0,3260942000.0,3857786000.0,
SEMC,An,2021,23056649000.0,22449235000.0,2822884000.0,2383609000.0,
SEMC,An,2020,19629606000.0,18119926000.0,1127531000.0,736547000.0,
SEMC,An,2019,18685566000.0,18107898000.0,1021451000.0,690340000.0,
SEMC,An,2018,19797267000.0,20201694000.0,336187000.0,-74528000.0,
SEMC,An,2017,19774366000.0,20186275000.0,403858000.0,149569000.0,
SEMC,An,2016,17707928000.0,14636111000.0,728416000.0,474085000.0,
SEMC,An,2015,17775341000.0,14849844000.0,1093219000.0,784533000.0,
SEMC,S1,2020,10009000000.0,,542000000.0,408000000.0,
SEMC,S1,2019,9503000000.0,,548000000.0,388000000.0,
SEMC,S1,2018,11029000000.0,,1069000000.0,764000000.0,
SEMC,S1,2017,9739000000.0,,356000000.0,215000000.0,
SEMC,S1,2016,9675000000.0,,722000000.0,545000000.0,
SEMC,T1,2023,7649978666.0,,,855653665.0,
SEMC,T1,2022,6564047101.0,,,620437050.0,
SGBC,An,2024,263207000000.0,3614195000000.0,163484000000.0,101228000000.0,
SGBC,An,2023,253286000000.0,3437669000000.0,147701000000.0,97230000000.0,
SGBC,An,2022,215101000000.0,3345284000000.0,118708000000.0,74612000000.0,
SGBC,An,2021,189096000000.0,3021481000000.0,98446000000.0,67438000000.0,
SGBC,An,2020,164062000000.0,2397195000000.0,83330000000.0,48435000000.0,
SGBC,An,2019,150316000000.0,2152649000000.0,72432000000.0,50253000000.0,
SGBC,An,2018,127970000000.0,1902583000000.0,63454000000.0,41841000000.0,
SGBC,An,2017,112757000000.0,1655348000000.0,55756000000.0,39896000000.0,
SGBC,An,2016,89825000000.0,1421923000000.0,,35430000000.0,
SGBC,An,2015,81250000000.0,1137673000000.0,,27028000000.0,
SGBC,S1,2024,130708000000.0,,77257000000.0,48234000000.0,
SGBC,S1,2023,121661000000.0,,70931000000.0,44454000000.0,
SGBC,S1,2022,103071000000.0,,55740000000.0,28058000000.0,
SGBC,S1,2021,88732000000.0,,46429000000.0,30894000000.0,
SGBC,S1,2020,79037000000.0,,41724000000.0,24052000000.0,
SGBC,S1,2019,71513000000.0,,34746000000.0,23710000000.0,
SGBC,S1,2018,62394000000.0,,32143000000.0,19983000000.0,
SGBC,S1,2017,55707000000.0,,28389000000.0,23488000000.0,
SGBC,S1,2016,46790000000.0,,22025000000.0,18430000000.0,
SGBC,T1,2024,65427000000.0,,,26498000000.0,
SGBC,T1,2023,59476000000.0,,,22509000000.0,
SGBC,T1,2022,49343000000.0,,,18649000000.0,
SGBC,T1,2021,43617000000.0,,,14809000000.0,
SGBC,T1,2020,39884000000.0,,20416000000.0,14134000000.0,
SGBC,T1,2019,32866000000.0,,14619000000.0,9997000000.0,
SGBC,T1,2018,31531000000.0,,,8789000000.0,
SGBC,T1,2017,26824000000.0,,,12029000000.0,
SGBC,T1,2016,22222000000.0,,10449000000.0,7359000000.0,
SGBC,T3,2024,196044000000.0,,,74558000000.0,
SGBC,T3,2023,185297000000.0,,,66696000000.0,
SGBC,T3,2022,154926000000.0,,,47084000000.0,
SGBC,T3,2021,135485000000.0,,,48438000000.0,
SGBC,T3,2020,119324000000.0,,62323000000.0,34646000000.0,
SGBC,T3,2019,108321000000.0,,53695000000.0,36907000000.0,
SGBC,T3,2017,80853000000.0,,,30895000000.0,
SGBC,T3,2016,70578000000.0,,,26642000000.0,
SHEC,An,2024,600707830000.0,207064381000.0,11336979000.0,5353994000.0,
SHEC,An,2023,550696010000.0,168468609000.0,8485512000.0,4011603000.0,
SHEC,An,2022,488901792000.0,119461700000.0,6027152000.0,3548638000.0,
SHEC,An,2021,366643579000.0,101262735000.0,830155000.0,2359623000.0,
SHEC,An,2020,313564390000.0,74596027000.0,-3858364000.0,-4788013000.0,
SHEC,An,2019,354252451000.0,96388502000.0,8088399000.0,5465466000.0,
SHEC,An,2018,347717444000.0,100128117000.0,8041403000.0,5389160000.0,
SHEC,An,2017,311413743000.0,92328185000.0,7593509000.0,5004540000.0,
SHEC,An,2016,271008641000.0,97502448000.0,7131935000.0,4388766000.0,
SHEC,An,2015,276368692000.0,89672964000.0,5347222000.0,3265657000.0,
SHEC,S1,2024,298050000000.0,,5651000000.0,2552000000.0,
SHEC,S1,2023,267630000000.0,,2884000000.0,1168000000.0,
SHEC,S1,2022,225033000000.0,,1925000000.0,889000000.0,
SHEC,S1,2021,180724000000.0,,1971000000.0,1074000000.0,
SHEC,S1,2020,154546000000.0,,2234000000.0,1357000000.0,
SHEC,S1,2019,175658000000.0,,4719000000.0,3278000000.0,
SHEC,S1,2018,171095000000.0,,4315000000.0,3020000000.0,
SHEC,S1,2017,154046000000.0,,3574000000.0,2369000000.0,
SHEC,S1,2016,130183000000.0,,3670000000.0,2308000000.0,
SHEC,T1,2024,149433000000.0,,3032000000.0,1288000000.0,
SHEC,T1,2023,135553000000.0,,1869000000.0,872000000.0,
SHEC,T1,2022,101691000000.0,,1210000000.0,715000000.0,
SHEC,T1,2021,88622000000.0,,1043000000.0,703000000.0,
SHEC,T1,2020,89705000000.0,,1973000000.0,1345000000.0,
SHEC,T1,2019,88179000000.0,,2489000000.0,1655000000.0,
SHEC,T1,2018,84643000000.0,,2208000000.0,1593000000.0,
SHEC,T1,2017,76351000000.0,,1957000000.0,1239000000.0,
SHEC,T3,2024,445544000000.0,,7540000000.0,2851000000.0,
SHEC,T3,2023,398935000000.0,,4508000000.0,1747000000.0,
SHEC,T3,2022,350192000000.0,,2805000000.0,1393000000.0,
SHEC,T3,2021,270061000000.0,,2438000000.0,1287000000.0,
SHEC,T3,2020,233518000000.0,,2801000000.0,1640000000.0,
SHEC,T3,2019,261070000000.0,,5336000000.0,3366000000.0,
SHEC,T3,2016,198481000000.0,,5512000000.0,3620000000.0,
SIBC,An,2024,102763000000.0,1685249000000.0,62635000000.0,50234000000.0,
SIBC,An,2023,95571000000.0,1605875000000.0,56871000000.0,43513000000.0,
SIBC,An,2022,83542000000.0,1499554000000.0,47561000000.0,40090000000.0,
SIBC,An,2021,76532000000.0,1316459000000.0,42042000000.0,34031000000.0,
SIBC,An,2020,74467000000.0,1224290000000.0,41054000000.0,30261000000.0,
SIBC,An,2019,71887000000.0,1099398000000.0,39237000000.0,28057000000.0,
SIBC,An,2018,65941000000.0,1069788000000.0,35360000000.0,23200000000.0,
SIBC,An,2017,56747000000.0,989868000000.0,29211000000.0,22530000000.0,
SIBC,An,2016,50732000000.0,906911000000.0,25318000000.0,17091000000.0,
SIBC,An,2015,43685000000.0,747276000000.0,21504000000.0,14812000000.0,
SIBC,S1,2024,49767000000.0,1604810000000.0,31013000000.0,25610000000.0,
SIBC,S1,2023,46593000000.0,1557434000000.0,28255000000.0,24193000000.0,
SIBC,S1,2022,43477000000.0,1453331000000.0,25603000000.0,22811000000.0,
SIBC,S1,2021,39200000000.0,1224000000000.0,21800000000.0,19000000000.0,
SIBC,S1,2020,35900000000.0,1167600000000.0,19400000000.0,15000000000.0,
SIBC,S1,2019,33294000000.0,1082337000000.0,17087000000.0,12698000000.0,
SIBC,S1,2018,34372000000.0,968532000000.0,18932000000.0,12632000000.0,
SIBC,S1,2017,28308000000.0,,14548000000.0,9633000000.0,
SIBC,S1,2016,24269000000.0,,11805000000.0,8256000000.0,
SIBC,T1,2024,23700000000.0,,,12300000000.0,
SIBC,T1,2023,23200000000.0,,14200000000.0,11600000000.0,
SIBC,T1,2022,21827000000.0,,13213000000.0,12273000000.0,
SIBC,T1,2021,21219000000.0,,12791000000.0,11180000000.0,
SIBC,T1,2020,19193000000.0,,11096000000.0,8409000000.0,
SIBC,T1,2019,15824000000.0,,7773000000.0,5921000000.0,
SIBC,T1,2018,16379000000.0,,8739000000.0,7383000000.0,
SIBC,T1,2017,13578000000.0,,6713000000.0,6047000000.0,
SIBC,T1,2016,12017000000.0,,,4427000000.0,
SIBC,T3,2024,75700000000.0,,,38600000000.0,
SIBC,T3,2023,73300000000.0,,,36200000000.0,
SIBC,T3,2022,63000000000.0,,36000000000.0,31100000000.0,
SIBC,T3,2021,57300000000.0,,31500000000.0,26600000000.0,
SIBC,T3,2020,56100000000.0,,30700000000.0,23200000000.0,
SIBC,T3,2019,51961000000.0,,26937000000.0,20859000000.0,
SIBC,T3,2018,48576000000.0,,21786000000.0,16340000000.0,
SIBC,T3,2017,42775000000.0,,20632000000.0,16161000000.0,
SIBC,T3,2016,35898000000.0,,,12929000000.0,
SICC,An,2023,701091562.0,,,19245083.0,
SICC,An,2022,1138173867.0,,,-39949556.0,
SICC,An,2021,1380986108.0,4154276593.0,53198530.0,119234795.0,
SICC,An,2020,2359881248.0,4087383318.0,109049980.0,109826095.0,
SICC,An,2019,1856990827.0,3925048002.0,163015925.0,2350841.0,
SICC,An,2018,1393219028.0,3933301419.0,103323999.0,989401440.0,
SICC,An,2017,1105303043.0,3680132932.0,129788224.0,100567494.0,
SICC,An,2016,1936644069.0,3576424374.0,194461430.0,200831393.0,
SICC,An,2015,861192787.0,1521953318.0,176248418.0,434869656.0,
SICC,S1,2019,1252772454.0,,,120022240.0,
SICC,S1,2018,520028946.0,,,-220526336.0,
SIVC,An,2023,8512305646.0,15698401816.0,824518419.0,895708500.0,
SIVC,An,2022,8688869897.0,15914219225.0,339115809.0,402747322.0,
SIVC,An,2021,7647961956.0,15721786357.0,507833300.0,727412737.0,
SIVC,An,2020,6348743028.0,15836388054.0,-2518217382.0,-2462719856.0,
SIVC,An,2019,7170432956.0,17351927849.0,-737217856.0,-26523307.0,
SIVC,An,2018,7446826835.0,18031095309.0,-13346446.0,-81836547.0,
SIVC,An,2017,7530357170.0,18479955915.0,-974423080.0,-990908826.0,
SIVC,An,2016,7587239092.0,16984520334.0,-121898110.0,69103740.0,
SIVC,An,2015,8064657885.0,12451723148.0,517800232.0,355537679.0,
SIVC,S1,2023,4028251000.0,,337875000.0,221552000.0,
SIVC,S1,2022,4547165000.0,,-116710000.0,-93917000.0,
SIVC,S1,2021,3510809000.0,,70081000.0,184587000.0,
SIVC,S1,2020,3303060000.0,,-226184000.0,-112006000.0,
SIVC,S1,2019,3494373000.0,,-190249000.0,147052000.0,
SIVC,S1,2018,3665251000.0,,-3582000.0,-132691000.0,
SIVC,S1,2017,3614798000.0,,-392864000.0,-477135000.0,
SIVC,S1,2016,3986507000.0,,409643000.0,249238000.0,
SIVC,T1,2023,1964095000.0,,,,
SIVC,T1,2022,2267713000.0,,,,
SIVC,T1,2021,1692497000.0,,,59642000.0,
SIVC,T1,2020,1759428000.0,,,-84337000.0,
SIVC,T1,2019,1696005000.0,,,-238175000.0,
SIVC,T3,2021,5410704000.0,,,514515000.0,
SIVC,T3,2020,4780460000.0,,,-241666000.0,
SIVC,T3,2019,5242073000.0,,,-395652000.0,
SLBC,An,2024,309722000000.0,307546000000.0,34735000000.0,21472000000.0,
SLBC,An,2023,311395000000.0,327698000000.0,16807000000.0,15078000000.0,
SLBC,An,2022,281880000000.0,334102000000.0,7112000000.0,1217000000.0,
SLBC,An,2021,299269000000.0,316350000000.0,35605000000.0,22020000000.0,
SLBC,An,2020,229359000000.0,294111000000.0,27415000000.0,17520000000.0,
SLBC,An,2019,225004000000.0,275982000000.0,17267000000.0,13095000000.0,
SLBC,An,2018,202816000000.0,271179000000.0,7107000000.0,1305000000.0,
SLBC,An,2017,193372000000.0,258729000000.0,7642000000.0,4250000000.0,
SLBC,An,2016,191441000000.0,179908000000.0,36558000000.0,27563000000.0,
SLBC,An,2015,184089000000.0,191090000000.0,29798000000.0,22619000000.0,
SLBC,S1,2024,147598271931.0,,15861021336.0,10162815766.0,
SLBC,S1,2023,137319580056.0,,8402496312.0,11070893039.0,
SLBC,S1,2022,120879940230.0,,6274142657.0,3153010872.0,
SLBC,S1,2021,123136324339.0,,23381802182.0,15607682718.0,
SLBC,S1,2020,87415281978.0,,11818496656.0,7771415742.0,
SLBC,S1,2019,93833656897.0,,12095557744.0,8782797292.0,
SLBC,S1,2018,87585803351.0,,6388878374.0,3430863192.0,
SLBC,S1,2017,88536252421.0,,10401361195.0,7320593829.0,
SLBC,S1,2016,83560894010.0,,19627108033.0,14695291199.0,
SMBC,An,2024,229061000000.0,163113000000.0,12036000000.0,8698000000.0,
SMBC,An,2023,247646000000.0,183993000000.0,28583000000.0,17255000000.0,
SMBC,An,2022,276854000000.0,164780000000.0,13808000000.0,9421000000.0,
SMBC,An,2021,139353000000.0,107351000000.0,13649000000.0,8623000000.0,
SMBC,An,2020,102670000000.0,72061000000.0,14102000000.0,9396000000.0,
SMBC,An,2019,116253000000.0,97322000000.0,950000000.0,58000000.0,
SMBC,An,2018,134198000000.0,99817000000.0,11376000000.0,7877000000.0,
SMBC,An,2017,90262000000.0,89093000000.0,11235000000.0,7506000000.0,
SMBC,An,2016,92255000000.0,83466000000.0,9180000000.0,6860000000.0,
SMBC,An,2015,133378000000.0,76217000000.0,8963000000.0,5535000000.0,
SMBC,S1,2024,132360282554.0,,5492894856.0,4200124020.0,
SMBC,S1,2023,133962664214.0,,11737099721.0,7699059159.0,
SMBC,S1,2022,113553407895.0,,7562946159.0,5244295058.0,
SMBC,S1,2021,49038000000.0,,6651000000.0,4178000000.0,
SMBC,S1,2020,49350631893.0,,3731939511.0,2562000000.0,
SMBC,S1,2019,39487263276.0,,-1257651633.0,,
SMBC,S1,2018,59572460712.0,,4905684779.0,,
SMBC,S1,2017,43422458921.0,,6193995170.0,3804291598.0,
SMBC,S1,2016,51144126038.0,,3800029867.0,2894750425.0,
SMBC,T1,2024,70179117404.0,,,2922294656.0,
SMBC,T1,2023,72331099642.0,,,2553553117.0,
SMBC,T1,2022,43568876818.0,,,660631982.0,
SMBC,T1,2021,20136704659.0,,,2584203130.0,
SMBC,T1,2020,31499333141.0,,,1729362767.0,
SMBC,T1,2019,11156239620.0,,,-1425881610.0,
SMBC,T1,2018,29697313848.0,,,2535703811.0,
SMBC,T1,2017,23105709930.0,,,2953173164.0,
SMBC,T1,2016,20263464075.0,,,-2302543371.0,
SMBC,T3,2024,180962000000.0,,,5375000000.0,
SMBC,T3,2023,179523000000.0,,,12165000000.0,
SMBC,T3,2022,194788000000.0,,,6465000000.0,
SMBC,T3,2021,85418000000.0,,,6360000000.0,
SMBC,T3,2020,79550000000.0,,,5959000000.0,
SMBC,T3,2019,76826000000.0,,135000000.0,-701000000.0,
SMBC,T3,2018,93058000000.0,,7663000000.0,5401000000.0,
SMBC,T3,2017,63328000000.0,,7295000000.0,4588000000.0,
SMBC,T3,2016,72754000000.0,,4847000000.0,3756000000.0,
SNTS,An,2024,1776443000000.0,3105287000000.0,619524000000.0,393662000000.0,
SNTS,An,2023,1620701000000.0,2573858000000.0,515709000000.0,331748000000.0,
SNTS,An,2022,1455049000000.0,2252192000000.0,437059000000.0,278912000000.0,
SNTS,An,2021,1334874000000.0,2063844000000.0,399655000000.0,252459000000.0,
SNTS,An,2020,1206086000000.0,1896874000000.0,339082000000.0,201272000000.0,
SNTS,An,2019,1179224000000.0,1823012000000.0,316748000000.0,195343000000.0,
SNTS,An,2018,1098698000000.0,1676180000000.0,307611000000.0,187091000000.0,
SNTS,An,2017,972905000000.0,1595664000000.0,307787000000.0,202186000000.0,
SNTS,An,2016,905036000000.0,1391301000000.0,323158000000.0,215880000000.0,
SNTS,An,2015,863291000000.0,1213066000000.0,327790000000.0,221089000000.0,
SNTS,S1,2024,877697000000.0,,301923000000.0,192637000000.0,
SNTS,S1,2023,794126000000.0,,227745000000.0,148594000000.0,
SNTS,S1,2022,713367000000.0,,205158000000.0,130311000000.0,
SNTS,S1,2021,641987000000.0,,190736000000.0,118861000000.0,
SNTS,S1,2020,587309000000.0,,155431000000.0,89876000000.0,
SNTS,S1,2019,541997000000.0,,157426000000.0,93818000000.0,
SNTS,S1,2018,506370000000.0,,159081000000.0,104512000000.0,
SNTS,S1,2017,483551000000.0,,165941000000.0,111424000000.0,
SNTS,S1,2016,438798000000.0,,165148000000.0,109970000000.0,
SNTS,T1,2024,425400000000.0,,,96600000000.0,
SNTS,T1,2023,384700000000.0,,,82700000000.0,
SNTS,T1,2022,350400000000.0,,,62700000000.0,
SNTS,T1,2021,314200000000.0,,,55000000000.0,
SNTS,T1,2020,274100000000.0,,,46400000000.0,
SNTS,T1,2019,270100000000.0,,,49800000000.0,
SNTS,T3,2024,1319000000000.0,,,288900000000.0,
SNTS,T3,2023,1201500000000.0,,,240600000000.0,
SNTS,T3,2022,1080000000000.0,,,200300000000.0,
SNTS,T3,2021,984500000000.0,,,189300000000.0,
SNTS,T3,2020,895000000000.0,,,140000000000.0,
SNTS,T3,2019,820000000000.0,,,143400000000.0,
SOGC,An,2024,89415277000.0,88962049000.0,18383382000.0,13110790000.0,
SOGC,An,2023,73448349000.0,88987010000.0,7678013000.0,5270303000.0,
SOGC,An,2022,93883932000.0,93857925000.0,21852242000.0,15652984000.0,
SOGC,An,2021,83074087000.0,97008610000.0,20581153000.0,14728280000.0,
SOGC,An,2020,66481138000.0,92061584000.0,11218699000.0,7652579000.0,
SOGC,An,2019,61389413000.0,87399032000.0,6815007000.0,4520355000.0,
SOGC,An,2018,56700298000.0,86506526000.0,4418294000.0,2977497000.0,
SOGC,An,2017,70043206000.0,87393833000.0,14682214000.0,10427997000.0,
SOGC,An,2016,56226765000.0,86500195000.0,8391781000.0,6157146000.0,
SOGC,An,2015,53473814000.0,82035084000.0,8689545000.0,5993089000.0,
SOGC,S1,2024,36434163562.0,,5864166470.0,4073616572.0,
SOGC,S1,2023,37803101787.0,,5180901506.0,3773984201.0,
SOGC,S1,2022,50187543357.0,,13153782977.0,9780599265.0,
SOGC,S1,2021,40050101665.0,,10149653389.0,7537287459.0,
SOGC,S1,2020,33494079081.0,,5242361797.0,3683155901.0,
SOGC,S1,2019,29411398163.0,,3747533006.0,2680855674.0,
SOGC,S1,2018,30347250058.0,,2375620260.0,1641438899.0,
SOGC,S1,2017,36443910950.0,,9986556311.0,7360242218.0,
SOGC,S1,2016,26464299559.0,,2801527197.0,2066708349.0,
SOGC,T1,2024,19130746290.0,,,1658721133.0,
SOGC,T1,2023,19945922071.0,,,2409803481.0,
SOGC,T1,2022,24721443459.0,,,3271558387.0,
SOGC,T1,2021,21512083792.0,,,3212447418.0,
SOGC,T1,2020,16766938804.0,,,1847956972.0,
SOGC,T1,2019,13720345470.0,,,607551095.0,
SOGC,T1,2018,15083145809.0,,,1132747053.0,
SOGC,T1,2017,20741367740.0,,,5507307020.0,
SOGC,T1,2016,13288470369.0,,,1073958267.0,
SOGC,T3,2024,62301857900.0,,,8261656754.0,
SOGC,T3,2023,54478813169.0,,,4404106157.0,
SOGC,T3,2022,69635017177.0,,,11929470475.0,
SOGC,T3,2021,62116977992.0,,,11238738441.0,
SOGC,T3,2020,47740996825.0,,,4835923203.0,
SOGC,T3,2019,46539351179.0,,,4143629159.0,
SOGC,T3,2018,43477999533.0,,,1379383031.0,
SOGC,T3,2017,55016138799.0,,,9624858775.0,
SOGC,T3,2016,41111454470.0,,,3764661361.0,
SPHC,An,2024,279437727000.0,222208165000.0,29445591000.0,18790218000.0,
SPHC,An,2023,206469432000.0,195801293000.0,7351110000.0,3635139000.0,
SPHC,An,2022,224421229000.0,183889630000.0,26283237000.0,16700611000.0,
SPHC,An,2021,208794461000.0,168289440000.0,27558059000.0,20750470000.0,
SPHC,An,2020,158789037000.0,157047871000.0,10954030000.0,7466595000.0,
SPHC,An,2019,143735241000.0,147034369000.0,7524610000.0,3374806000.0,
SPHC,An,2018,129854699000.0,135042041000.0,2071630000.0,-847996000.0,
SPHC,An,2017,151978767000.0,137319985000.0,17823966000.0,12860964000.0,
SPHC,An,2016,112963551000.0,131081463000.0,3913606000.0,1169859000.0,
SPHC,An,2015,97449044000.0,126606976000.0,645738000.0,-1779526000.0,
SPHC,S1,2024,113379000000.0,,6335000000.0,3303000000.0,
SPHC,S1,2023,94668000000.0,,4392000000.0,2444000000.0,
SPHC,S1,2022,103845000000.0,,10310000000.0,6019000000.0,
SPHC,S1,2021,93379000000.0,,10313000000.0,8056000000.0,
SPHC,S1,2020,76282000000.0,,3622000000.0,1728000000.0,
SPHC,S1,2019,64361000000.0,,1353000000.0,-851000000.0,
SPHC,S1,2018,56402000000.0,,-316000000.0,-1675000000.0,
SPHC,S1,2017,74017000000.0,,10307000000.0,6922000000.0,
SPHC,S1,2016,45228497000000.0,,-5462577000000.0,-6404697000000.0,
SPHC,T1,2024,54968000000.0,,,1126000000.0,
SPHC,T1,2023,48829000000.0,,,1349000000.0,
SPHC,T1,2022,50008000000.0,,,3664000000.0,
SPHC,T1,2021,42236000000.0,,,1506000000.0,
SPHC,T1,2020,44843000000.0,,,2479000000.0,
SPHC,T1,2019,32801000000.0,,,110000000.0,
SPHC,T1,2018,28781000000.0,,,648000000.0,
SPHC,T1,2017,41960000000.0,,,4986000000.0,
SPHC,T1,2016,22650000000.0,,,-3441000000.0,
SPHC,T3,2024,186335000000.0,,,10018000000.0,
SPHC,T3,2023,142657000000.0,,,3984000000.0,
SPHC,T3,2022,169150000000.0,,,14642000000.0,
SPHC,T3,2021,148615000000.0,,,12986000000.0,
SPHC,T3,2020,115923000000.0,,,3205000000.0,
SPHC,T3,2019,101506000000.0,,,1220000000.0,
SPHC,T3,2018,90951000000.0,,,-604000000.0,
SPHC,T3,2017,99700000000.0,,,7981000000.0,
SPHC,T3,2016,76173000000.0,,,-5991000000.0,
SPHC,T4,2017,151978000000.0,,,12782000000.0,
SPHC,T4,2016,112964000000.0,,,1170000000.0,
STAC,An,2024,1793360000.0,7378386000.0,-1007887000.0,-348195000.0,
STAC,An,2023,9264509000.0,11329611000.0,-1136144000.0,-1117719000.0,
STAC,An,2022,14654197000.0,15068263000.0,-106831000.0,-70544000.0,
STAC,An,2021,10274321000.0,16260295000.0,1286674000.0,1119448000.0,
STAC,An,2020,15900707000.0,18586404000.0,3108191000.0,2320633000.0,
STAC,An,2019,9277157000.0,11884748000.0,978905000.0,865967000.0,
STAC,An,2018,7139448000.0,8979086000.0,444621000.0,365742000.0,
STAC,An,2017,3866311000.0,3856937000.0,619367000.0,877060000.0,
STAC,An,2016,4490983000.0,5430269000.0,39691000.0,1112869000.0,
STAC,An,2015,6692011000.0,6654825000.0,479349000.0,340110000.0,
STAC,S1,2024,582398514.0,,-585454657.0,-314644909.0,
STAC,S1,2023,4993898000.0,,-908513024.0,-985743343.0,
STAC,S1,2022,6075836955.0,,-20007506.0,58516828.0,
STAC,S1,2021,5340717488.0,,1259908899.0,1046442603.0,
STAC,S1,2020,5575542571.0,,23385378.0,43556085.0,
STAC,S1,2019,3362331001.0,,467127636.0,469817631.0,
STAC,S1,2018,2963241068.0,,56976398.0,90929207.0,
STAC,S1,2017,2529842979.0,,645701499.0,535794548.0,
STAC,S1,2016,2054972087.0,,,209029394.0,
STAC,T3,2024,1250792058.0,,-920794650.0,-610943112.0,
STAC,T3,2023,7072575557.0,,-1633425563.0,-1594566326.0,
STAC,T3,2022,11230253393.0,,332130267.0,348728922.0,
STAC,T3,2021,7706309348.0,,1357336657.0,1156375427.0,
STAC,T3,2020,9425414561.0,,1268017120.0,1025066691.0,
STAC,T3,2019,5633824516.0,,924535989.0,842670656.0,
STBC,An,2024,214312616965.0,94925572191.0,57068888519.0,44173762491.0,
STBC,An,2023,169913796154.0,35417065559.0,16258209527.0,12399004223.0,
STBC,An,2022,151133280425.0,31612312100.0,12768812060.0,11503188097.0,
STBC,An,2021,135604495477.0,37238485117.0,9388373157.0,9642415475.0,
STBC,An,2020,116185649538.0,28201228462.0,4638985646.0,8542921197.0,
STBC,An,2019,94693057000.0,29331556171.0,786600059.0,5290810615.0,
STBC,An,2018,76802068329.0,21591993716.0,-1845120794.0,-2294782224.0,
STBC,An,2017,67200676222.0,28338404970.0,-3439795432.0,-4581144501.0,
STBC,An,2016,59659204222.0,26223846616.0,5520198745.0,2979331795.0,
STBC,An,2015,90972011304.0,45517415680.0,15822962606.0,9195626765.0,
STBC,S1,2024,92332736000.0,,12670572000.0,9646161000.0,
STBC,S1,2023,80460072000.0,,8134176000.0,6257686000.0,
STBC,S1,2022,72660556000.0,,7221260000.0,7271802000.0,
STBC,S1,2021,65522939000.0,,4847611000.0,3724024000.0,
STBC,S1,2020,53139563000.0,,1816952000.0,1835153000.0,
STBC,S1,2019,45368153000.0,,1870504000.0,1880285000.0,
STBC,S1,2018,35993827000.0,,-1359067000.0,-1665519000.0,
STBC,S1,2017,30413897000.0,,-873749000.0,-281857000.0,
STBC,S1,2016,47890033000.0,,7396535000.0,5660669000.0,
STBC,T1,2024,45603711000.0,,5291394000.0,3840367000.0,
STBC,T1,2023,38747080000.0,,3458015000.0,3098054000.0,
STBC,T1,2022,35055152000.0,,3569196000.0,3578331000.0,
STBC,T1,2021,32763978000.0,,2551946000.0,2559474000.0,
STBC,T1,2020,27403060000.0,,942586000.0,953823000.0,
STBC,T1,2019,22654373000.0,,1059350000.0,1079890000.0,
STBC,T1,2017,13716575000.0,,-563909000.0,-561339000.0,
STBC,T1,2016,23697149000.0,,4967242000.0,3767248000.0,
STBC,T3,2023,123554282000.0,,11117980000.0,8455950000.0,
STBC,T3,2022,111024669000.0,,10343611000.0,10434537000.0,
STBC,T4,2023,46425584000.0,,5002097000.0,5113828000.0,
STBC,T4,2022,40142271000.0,,3020512000.0,3064253000.0,
SVOC,An,2019,12079000000.0,23330000000.0,-4968000000.0,-4496000000.0,
SVOC,An,2018,14289000000.0,25410000000.0,-82000000.0,170000000.0,
SVOC,An,2017,12678000000.0,17333000000.0,892000000.0,-836000000.0,
SVOC,An,2016,10216000000.0,14693000000.0,-298000000.0,-688000000.0,
SVOC,An,2015,11069000000.0,18892000000.0,-878000000.0,-1292000000.0,
SVOC,S1,2017,6475016790.0,,538594151.0,551421877.0,
SVOC,S1,2016,4974362903.0,,-848548596.0,-817847329.0,
SVOC,T1,2020,2670590558.0,,-1064502118.0,6663820481.0,
SVOC,T1,2019,4271340161.0,,-415879813.0,-544333312.0,
TTLC,An,2024,621042000000.0,191526000000.0,10491000000.0,9374000000.0,
TTLC,An,2023,578922000000.0,167625000000.0,12087000000.0,8709000000.0,
TTLC,An,2022,573130000000.0,159651000000.0,16509000000.0,12279000000.0,
TTLC,An,2021,494433000000.0,156297000000.0,16088000000.0,11143000000.0,
TTLC,An,2020,416080000000.0,128146000000.0,7982000000.0,7648000000.0,
TTLC,An,2019,453131000000.0,136630000000.0,13479000000.0,10419000000.0,
TTLC,An,2018,425051000000.0,141579000000.0,15097000000.0,11523000000.0,
TTLC,An,2017,362203000000.0,123059000000.0,15152000000.0,10422000000.0,
TTLC,An,2016,334827000000.0,106898000000.0,12775000000.0,8886000000.0,
TTLC,An,2015,324279000000.0,99149000000.0,10683000000.0,5415000000.0,
TTLC,S1,2024,319347000000.0,,6785000000.0,6425000000.0,
TTLC,S1,2023,293793000000.0,,6382000000.0,5003000000.0,
TTLC,S1,2022,277751000000.0,,8808000000.0,6559000000.0,
TTLC,S1,2021,249028000000.0,,7786000000.0,5566000000.0,
TTLC,S1,2020,201397000000.0,,4374000000.0,3063000000.0,
TTLC,S1,2019,227251000000.0,,7780000000.0,5616000000.0,
TTLC,S1,2018,208556000000.0,,8453000000.0,7025000000.0,
TTLC,S1,2017,175488000000.0,,7146000000.0,4766000000.0,
TTLC,S1,2016,164748000000.0,,,,
TTLC,T1,2024,157073000000.0,,,3178000000.0,
TTLC,T1,2023,153174000000.0,,,2674000000.0,
TTLC,T1,2022,133247000000.0,,,3092000000.0,
TTLC,T1,2021,113698000000.0,,,2291000000.0,
TTLC,T1,2020,114605000000.0,,,1666000000.0,
TTLC,T1,2019,107519000000.0,,,3077000000.0,
TTLC,T1,2016,82129000000.0,,,,
TTLC,T3,2024,464969000000.0,,,9334000000.0,
TTLC,T3,2023,430882000000.0,,,8402000000.0,
TTLC,T3,2022,419384000000.0,,,9149000000.0,
TTLC,T3,2021,366733000000.0,,,8643000000.0,
TTLC,T3,2020,308321000000.0,,,5589000000.0,
TTLC,T3,2019,333734000000.0,,,7485000000.0,
TTLC,T3,2018,312932000000.0,,,9788000000.0,
TTLC,T3,2017,263747000000.0,,,6593000000.0,
TTLS,An,2024,484944861000.0,201307697000.0,7470764000.0,7090811000.0,
TTLS,An,2023,499194465000.0,203539373000.0,6675751000.0,4222465000.0,
TTLS,An,2022,477813063000.0,199056097000.0,11864241000.0,8475035000.0,
TTLS,An,2021,395457753000.0,140252436000.0,8256909000.0,4692897000.0,
TTLS,An,2020,384493246000.0,135478353000.0,10595916000.0,6063978000.0,
TTLS,An,2019,448269120000.0,176667873000.0,12247886000.0,5827011000.0,
TTLS,An,2018,382174558000.0,141006569000.0,11052739000.0,6342187000.0,
TTLS,An,2017,309648408000.0,110904352000.0,7606367000.0,4156435000.0,
TTLS,An,2016,293540998000.0,108840096000.0,2118493000.0,-48280000.0,
TTLS,An,2015,357211299000.0,122126973000.0,4384414000.0,3953008000.0,
TTLS,S1,2024,242881000000.0,,3269000000.0,3840000000.0,
TTLS,S1,2023,247469000000.0,,6255000000.0,2924000000.0,
TTLS,S1,2022,231373000000.0,,,,
TTLS,S1,2021,183186000000.0,,,,
TTLS,S1,2020,197020000000.0,,,,
TTLS,S1,2019,216680000000.0,,,,
TTLS,S1,2018,184892000000.0,,,,
TTLS,S1,2017,152488000000.0,,,,
TTLS,S1,2016,154766000000.0,,,,
TTLS,T1,2024,126905000000.0,,,1627000000.0,
TTLS,T1,2023,124058000000.0,,,,
TTLS,T1,2022,103605000000.0,,,,
TTLS,T1,2021,87409000000.0,,,,
TTLS,T1,2020,116813000000.0,,,,
TTLS,T1,2017,75838000000.0,,,,
TTLS,T1,2016,78221000000.0,,,,
TTLS,T3,2024,371263000000.0,,,5824000000.0,
TTLS,T3,2023,313038000000.0,,,5308000000.0,
TTLS,T3,2022,357587000000.0,,,,
TTLS,T3,2021,285911000000.0,,,,
TTLS,T3,2020,289862000000.0,,,,
UNLC,An,2023,34682083000.0,23009563000.0,1573553000.0,640335000.0,
UNLC,An,2022,36174563000.0,24484388000.0,-4253584000.0,-6908362000.0,
UNLC,An,2021,46059379000.0,35565021000.0,-13697340000.0,175000.0,
UNLC,An,2020,41393490000.0,48221668000.0,-7172118000.0,-2409525000.0,
UNLC,An,2019,56379066000.0,60633338000.0,-16285392000.0,-21857272000.0,
UNLC,An,2018,55517396000.0,69254000000.0,-6659251000.0,-4077214000.0,
UNLC,An,2017,60003768000.0,68060000000.0,-1644971000.0,-3590565000.0,
UNLC,An,2016,57489135000.0,75558659000.0,-7370420000.0,-10633332000.0,
UNLC,An,2015,55909256000.0,60711541000.0,-5302366000.0,-2611303000.0,
UNLC,S1,2018,30641347.0,,-2097575.0,-3528002.0,
UNLC,S1,2017,31006652.0,,-1696988.0,-2945344.0,
UNLC,S1,2016,28992014.0,,-2586966.0,-4772649.0,
UNLC,T1,2023,7814000000.0,,,69000000.0,
UNLC,T1,2022,9200000000.0,,,401000000.0,
UNLC,T1,2021,12249715000.0,,123875000.0,-163271000.0,
UNLC,T1,2020,11511070000.0,,259804000.0,61253000.0,
UNLC,T1,2019,13787205000.0,,428038000.0,-267096000.0,
UNLC,T1,2018,15989405000.0,,155859000.0,-2541860000.0,
UNLC,T1,2017,15760771000.0,,-1382163000.0,-1556156000.0,
UNLC,T1,2016,14170864000.0,,-1303564000.0,-3179340000.0,
UNLC,T3,2018,42590963.0,,-4810603.0,-1133128.0,
UNLC,T3,2017,45389644.0,,-1384840.0,-3192457.0,
UNLC,T3,2016,42897822.0,,-4295953.0,-6558287.0,
UNXC,An,2024,27333349555.0,34241097739.0,-2136021358.0,-2188937902.0,
UNXC,An,2023,29686986976.0,38556378909.0,-1828597291.0,-2054070779.0,
UNXC,An,2022,36372536951.0,39705901306.0,-1212860306.0,-1298674972.0,
UNXC,An,2021,38191193639.0,37292681535.0,1984939431.0,1400692889.0,
UNXC,An,2020,34916710441.0,32742029278.0,537047311.0,231265060.0,
UNXC,An,2019,40166658390.0,38293838977.0,4318973894.0,3094074102.0,
UNXC,An,2018,38977247633.0,35436275511.0,5511306420.0,4197877975.0,
UNXC,An,2017,37667297908.0,32294593278.0,5434823525.0,4013814057.0,
UNXC,An,2016,37163772757.0,29918909280.0,6427250452.0,4087002631.0,
UNXC,An,2015,39395242707.0,24324511919.0,7270927797.0,4357587242.0,
UNXC,S1,2024,13967598566.0,,-1855774915.0,-1910597904.0,
UNXC,S1,2023,18075556478.0,,229913491.0,167637701.0,
UNXC,S1,2022,21553026662.0,,1349155361.0,982452697.0,
UNXC,S1,2021,20549934531.0,,1523295890.0,1153748596.0,
UNXC,S1,2020,16629360772.0,,439534616.0,352218340.0,
UNXC,S1,2019,20838332772.0,,2085847656.0,1506228567.0,
UNXC,S1,2018,20038481397.0,,2864328524.0,,
UNXC,S1,2017,19321563780.0,,2594156101.0,,
UNXC,S1,2016,20048977476.0,,3500086673.0,,
UNXC,T1,2024,6885002326.0,,-1188010673.0,-1228413587.0,
UNXC,T1,2023,9397016068.0,,71554797.0,48233867.0,
UNXC,T1,2022,11183125974.0,,708402156.0,527093092.0,
UNXC,T1,2021,10196137477.0,,895790388.0,667657180.0,
UNXC,T1,2020,8572503440.0,,321737596.0,236142147.0,
UNXC,T1,2019,10213607523.0,,1070992272.0,790669265.0,
UNXC,T1,2018,9105524695.0,,873622246.0,,
UNXC,T1,2017,8969631612.0,,577107239.0,,
UNXC,T3,2024,19884358508.0,,-2109485495.0,-2165166944.0,
UNXC,T3,2023,23708665592.0,,-832199875.0,-879406597.0,
UNXC,T3,2022,29250411566.0,,452205631.0,295606433.0,
UNXC,T3,2021,29068640887.0,,2010017795.0,1524471715.0,
UNXC,T3,2020,26275302190.0,,1107201773.0,868346819.0,
SIBC,S1,2025,54302000000.0,1728349000000.0,34653000000.0,29414000000.0,
CBIBF,S1,2025,65135000000.0,2797144000000.0,42494000000.0,33754000000.0,
ECOC,S1,2025,62842000000.0,1901180000000.0,34679000000.0,28904000000.0,
BOAC,T1,2025,18392000000.0,,12330000000.0,10703000000.0,
CFAC,T1,2025,46161048347.0,,4905673570.0,3836406618.0,
ECOC,T1,2025,29738000000.0,2052696000000.0,,13258000000.0,
NSBC,S1,2025,50500000000.0,2709000000000.0,21800000000.0,16314000000.0,
SGBC,S1,2025,132010000000.0,,80619000000.0,53077000000.0,
ETIT,S1,2025,671278000000.0,,341544000000.0,167593000000.0,
ETIT,T1,2025,311941000000.0,17522800000000.0,150942000000.0,74009000000.0,
LNBB,T1,2025,24189000000.0,,2172000000.0,1573000000.0,
NSBC,T1,2025,22402000000.0,2562434000000.0,,7138000000.0,
SAFC,S1,2025,,80399000000.0,,226000000.0,
SAFC,T1,2025,,73586000000.0,,13000000.0,
SHEC,T1,2025,155873000000.0,,3082000000.0,1323000000.0,
UNXC,S1,2025,15711008256.0,,-314219541.0,8216545331.0,
BICC,T1,2025,18130000000.0,,,8011000000.0,
BOAN,T1,2025,4781000000.0,,1690000000.0,1138000000.0,
CBIBF,T1,2025,28671000000.0,,,17626000000.0,
NEIC,T1,2025,48534243.0,,-285395911.0,-189949576.0,
ORGT,T1,2025,,,,4797000000.0,
SCRC,T1,2025,25085603720.0,,4530010449.0,3207625825.0,
SDCC,T1,2025,41642000000.0,,1093000000.0,604000000.0,
SIBC,T1,2025,26500000000.0,,,13600000000.0,
SNTS,S1,2025,960200000000.0,,334136000000.0,208100000000.0,
BOAM,T1,2025,8394000000.0,,3257000000.0,3021000000.0,
ONTBF,S1,2025,73806000000.0,,12109000000.0,7670000000.0,
ABJC,T1,2025,3175808000.0,,,345949000.0,
BNBC,T1,2025,11207239000.0,,,16148000.0,
BOAB,T1,2025,11081000000.0,,,4446000000.0,
BOABF,T1,2025,14223000000.0,,,5195000000.0,
BOAS,S1,2025,25366000000.0,,,11617000000.0,
BOAS,T1,2025,11776000000.0,,,5230000000.0,
CABC,T1,2025,5165000000.0,,432000000.0,211000000.0,
FTSC,T1,2025,5745000000.0,,-78000000.0,,
NTLC,T1,2025,54079129836.0,,,5479039619.0,
ONTBF,T1,2025,36173000000.0,,,3745000000.0,
ORAC,T1,2025,283600000000.0,,,38600000000.0,
PALC,T1,2025,67519358000.0,,,11562398000.0,
SDSC,T1,2025,23057029000.0,,,-193185000.0,
SGBC,T1,2025,66275000000.0,,,27081000000.0,
SMBC,T1,2025,54777463976.0,,,2714815384.0,
SNTS,T1,2025,471600000000.0,,,108400000000.0,
SOGC,T1,2025,31207467428.0,,,6018865928.0,
SPHC,T1,2025,94319000000.0,,,11804000000.0,
STBC,T1,2025,61423555000.0,,12354560000.0,9405856000.0,
TTLC,T1,2025,147983000000.0,,,2207000000.0,
TTLS,T1,2025,110814000000.0,,,1513000000.0,
UNXC,T1,2025,7844497968.0,,,8205765710.0,
