"Date","Variation","Volume Devise Total","Cours Ajuste","Volume Ajuste Total","Cours Normal","Volume Normal Total"
"2025-09-18","5.22","7758580","1310","5907","1310","5907"
"2025-09-17","7.33","12873770","1245","10924","1245","10924"
"2025-09-16","-2.11","7121990","1160","6079","1160","6079"
"2025-09-15","0.85","1455090","1185","1234","1185","1234"
"2025-09-12","1.73","1846740","1175","1590","1175","1590"
"2025-09-11","-2.12","7816470","1155","6742","1155","6742"
"2025-09-10","2.61","2509860","1180","2181","1180","2181"
"2025-09-09","-4.17","5204000","1150","4419","1150","4419"
"2025-09-08","-3.23","9504265","1200","7791","1200","7791"
"2025-09-05","-1.59","4623590","1240","3736","1240","3736"
"2025-09-03","-1.95","4151380","1260","3250","1260","3250"
"2025-09-02","-1.15","6887710","1285","5379","1285","5379"
"2025-09-01","0","3850680","1300","2976","1300","2976"
"2025-08-29","0","8542965","1300","6569","1300","6569"
"2025-08-28","-1.14","5682535","1300","4368","1300","4368"
"2025-08-27","1.15","8359680","1315","6416","1315","6416"
"2025-08-26","1.56","12776650","1300","9879","1300","9879"
"2025-08-25","1.19","14882360","1280","11888","1280","11888"
"2025-08-22","3.27","33060035","1265","26691","1265","26691"
"2025-08-21","7.46","12349125","1225","10096","1225","10096"
"2025-08-20","7.04","6771600","1140","5940","1140","5940"
"2025-08-19","7.04","30785920","1065","32333","1065","32333"
"2025-08-18","-7.44","12949355","995","13003","995","13003"
"2025-08-14","-7.33","15997480","1075","14879","1075","14879"
"2025-08-13","-7.2","20018515","1160","16803","1160","16803"
"2025-08-12","3.31","33729380","1250","26499","1250","26499"
"2025-08-11","7.08","28889205","1210","23883","1210","23883"
"2025-08-08","7.11","26082660","1130","23082","1130","23082"
"2025-08-06","7.11","9130660","1055","8712","1055","8712"
"2025-08-05","7.07","8940550","985","9080","985","9080"
"2025-08-04","6.98","36607345","920","39961","920","39961"
"2025-08-01","7.5","13489100","860","15685","860","15685"
"2025-07-31","7.38","4422450","800","5529","800","5529"
"2025-07-30","7.19","1754475","745","2355","745","2355"
"2025-07-29","0","593765","695","859","695","859"
"2025-07-28","0","4803105","695","6919","695","6919"
"2025-07-25","0.72","743840","695","1079","695","1079"
"2025-07-24","2.99","3719205","690","5466","690","5466"
"2025-07-23","-0.74","1401515","670","2094","670","2094"
"2025-07-22","-0.74","2185265","675","3234","675","3234"
"2025-07-21","0","8577690","680","13072","680","13072"
"2025-07-18","-1.45","3919455","680","5793","680","5793"
"2025-07-17","0.73","3800505","690","5528","690","5528"
"2025-07-16","-1.44","3022585","685","4388","685","4388"
"2025-07-15","0","9967070","695","14278","695","14278"
"2025-07-14","6.92","47766295","695","70647","695","70647"
"2025-07-11","-6.47","6461670","650","9867","650","9867"
"2025-07-10","3.73","5004695","695","7535","695","7535"
"2025-07-09","0.75","7983540","670","12182","670","12182"
"2025-07-08","-0.75","23977405","665","35288","665","35288"
"2025-07-07","0","11950280","670","18211","670","18211"
"2025-07-04","3.08","4714745","670","7116","670","7116"
"2025-07-03","0","6928945","650","10546","650","10546"
"2025-07-02","-5.8","1406405","650","2153","650","2153"
"2025-07-01","1.47","1937765","690","2811","690","2811"
"2025-06-30","-2.16","372275","680","536","680","536"
"2025-06-27","0.72","110040","695","158","695","158"
"2025-06-26","-0.72","1994810","690","2876","690","2876"
"2025-06-25","1.46","1548840","695","2241","695","2241"
"2025-06-24","-0.72","310665","685","451","685","451"
"2025-06-23","4.55","789170","690","1150","690","1150"
"2025-06-20","-4.35","105015","660","154","660","154"
"2025-06-19","0","353940","690","513","690","513"
"2025-06-18","0","60710","690","88","690","88"
"2025-06-17","0.73","5336700","690","8175","690","8175"
"2025-06-16","-0.72","722660","685","1055","685","1055"
"2025-06-13","2.99","56320","690","84","690","84"
"2025-06-12","-2.19","463375","670","690","670","690"
"2025-06-11","0","1805455","685","2747","685","2747"
"2025-06-10","-0.72","216735","685","316","685","316"
"2025-06-05","0","129920","690","187","690","187"
"2025-06-04","0","366750","690","532","690","532"
"2025-06-03","0","568560","690","824","690","824"
"2025-06-02","-0.72","628640","690","906","690","906"
"2025-05-30","-0.71","139990","695","200","695","200"
"2025-05-28","-5.41","1702370","700","2420","700","2420"
"2025-05-27","0","957160","740","1311","740","1311"
"2025-05-26","6.47","3336520","740","4747","740","4747"
"2025-05-23","-7.33","566415","695","804","695","804"
"2025-05-22","0","1704320","750","2433","750","2433"
"2025-05-21","0","1826720","750","2490","750","2490"
"2025-05-20","4.17","1671180","750","2208","750","2208"
"2025-05-19","2.86","1721575","720","2470","720","2470"
"2025-05-16","0","3187025","700","4554","700","4554"
"2025-05-15","3.7","15520270","700","23308","700","23308"
"2025-05-14","6.3","1031555","675","1566","675","1566"
"2025-05-13","0","487680","635","768","635","768"
"2025-05-12","0.79","580905","635","912","635","912"
"2025-05-09","-1.56","124090","630","196","630","196"
"2025-05-08","0.79","592640","640","926","640","926"
"2025-05-07","0","2109115","635","3552","635","3552"
"2025-05-06","-6.62","35420","635","55","635","55"
"2025-05-05","-2.86","109480","680","161","680","161"
"2025-05-02","6.06","57600","700","83","700","83"
"2025-04-30","0.76","102460","660","156","660","156"
"2025-04-29","0.77","847310","655","1294","655","1294"
"2025-04-28","0","226200","650","348","650","348"
"2025-04-25","0","1300","650","2","650","2"
"2025-04-24","0","100750","650","155","650","155"
"2025-04-23","-7.14","846950","650","1303","650","1303"
"2025-04-22","0","14000","700","20","700","20"
"2025-04-17","0","82660","700","121","700","121"
"2025-04-16","0","23800","700","34","700","34"
"2025-04-15","0","6870","700","10","700","10"
"2025-04-14","2.94","102805","700","150","700","150"
"2025-04-11","-6.85","447600","680","651","680","651"
"2025-04-09","0","124110","730","172","730","172"
"2025-04-08","0","156270","730","214","730","214"
"2025-04-07","-7.01","10765","730","14","730","14"
"2025-04-04","-0.63","785","785","1","785","1"
"2025-04-02","-1.25","21340","790","27","790","27"
"2025-04-01","1.27","284020","800","357","800","357"
"2025-03-28","5.33","3745645","790","5365","790","5365"
"2025-03-26","0.67","37500","750","50","750","50"
"2025-03-24","0.68","213245","745","286","745","286"
"2025-03-21","-7.5","524660","740","709","740","709"
"2025-03-20","0","2400","800","3","800","3"
"2025-03-19","0","23940","800","30","800","30"
"2025-03-18","0","37800","800","51","800","51"
"2025-03-17","0","97280","800","131","800","131"
"2025-03-14","0","80800","800","101","800","101"
"2025-03-13","0","169600","800","212","800","212"
"2025-03-12","0.63","137510","800","184","800","184"
"2025-03-11","7.43","372305","795","497","795","497"
"2025-03-10","-7.5","218630","740","295","740","295"
"2025-03-06","0","213250","800","266","800","266"
"2025-03-05","0.63","71400","800","90","800","90"
"2025-03-03","0","1590","795","2","795","2"
"2025-02-27","1.92","471180","795","596","795","596"
"2025-02-26","-3.7","54575","780","70","780","70"
"2025-02-25","1.25","32200","810","40","810","40"
"2025-02-24","-3.03","30500","800","37","800","37"
"2025-02-20","0","171565","825","209","825","209"
"2025-02-19","1.23","18150","825","22","825","22"
"2025-02-18","6.54","61085","815","79","815","79"
"2025-02-17","-7.27","22080","765","28","765","28"
"2025-02-14","0","4125","825","5","825","5"
"2025-02-13","0","82495","825","100","825","100"
"2025-02-12","0","8250","825","10","825","10"
"2025-02-10","1.85","107925","825","133","825","133"
"2025-02-07","0","25110","810","31","810","31"
"2025-02-06","7.28","1620","810","2","810","2"
"2025-02-05","-7.36","575250","755","742","755","742"
"2025-02-03","-1.21","94895","815","118","815","118"
"2025-01-31","3.13","698010","825","850","825","850"
"2025-01-30","0","3955","800","5","800","5"
"2025-01-28","0","17600","800","22","800","22"
"2025-01-27","-3.61","58000","800","71","800","71"
"2025-01-24","3.75","830","830","1","830","1"
"2025-01-23","-1.84","300060","800","373","800","373"
"2025-01-22","0","26080","815","32","815","32"
"2025-01-21","0","16210","815","20","815","20"
"2025-01-20","1.88","107060","815","134","815","134"
"2025-01-17","0","10400","800","13","800","13"
"2025-01-16","1.27","695845","800","878","800","878"
"2025-01-14","-4.82","637490","790","808","790","808"
"2025-01-13","7.1","676400","830","816","830","816"
"2025-01-10","-0.64","29450","775","38","775","38"
"2025-01-09","6.85","126580","780","166","780","166"
"2025-01-08","0","37650","730","55","730","55"
"2025-01-07","0","37650","730","55","730","55"
"2025-01-06","0","38690","730","53","730","53"
"2025-01-03","1.39","35530","730","49","730","49"
"2025-01-02","0","15840","720","22","720","22"
"2024-12-31","0","3600","720","5","720","5"
"2024-12-30","0","55170","720","76","720","76"
"2024-12-27","0","20950","720","30","720","30"
"2024-12-26","0","35760","720","51","720","51"
"2024-12-24","0","149755","720","209","720","209"
"2024-12-20","-1.37","12330","720","17","720","17"
"2024-12-19","0","17520","730","24","730","24"
"2024-12-18","5.8","88945","730","123","730","123"
"2024-12-17","-5.48","42400","690","60","690","60"
"2024-12-16","0","75905","730","104","730","104"
"2024-12-11","0","19710","730","27","730","27"
"2024-12-10","0","7300","730","10","730","10"
"2024-12-09","4.29","55000","730","76","730","76"
"2024-12-06","0","41300","700","59","700","59"
"2024-12-05","2.19","278920","700","437","700","437"
"2024-12-04","0","15070","685","22","685","22"
"2024-12-03","-2.14","20550","685","30","685","30"
"2024-12-02","2.19","700","700","1","700","1"
"2024-11-29","0","78745","685","115","685","115"
"2024-11-28","0","38455","685","59","685","59"
"2024-11-27","-2.14","56855","685","83","685","83"
"2024-11-26","0","1400","700","2","700","2"
"2024-11-25","0","28000","700","40","700","40"
"2024-11-22","-3.45","60900","700","87","700","87"
"2024-11-21","0","3625","725","5","725","5"
"2024-11-20","3.57","51225","725","73","725","73"
"2024-11-19","-4.11","21700","700","31","700","31"
"2024-11-18","-0.68","200750","730","275","730","275"
"2024-11-14","-6.96","163390","735","217","735","217"
"2024-11-13","-0.63","4740","790","6","790","6"
"2024-11-11","0","46905","795","59","795","59"
"2024-11-08","-0.63","11406465","795","14347","795","14347"
"2024-11-07","0","520680","800","668","800","668"
"2024-11-06","0","89180","800","118","800","118"
"2024-11-05","1.91","40050","800","51","800","51"
"2024-11-04","0","46315","785","59","785","59"
"2024-10-30","0","5495","785","7","785","7"
"2024-10-29","0","170960","785","228","785","228"
"2024-10-28","-0.63","785","785","1","785","1"
"2024-10-25","-1.25","790","790","1","790","1"
"2024-10-24","-3.61","97160","800","118","800","118"
"2024-10-23","-0.6","9130","830","11","830","11"
"2024-10-22","5.7","926175","835","1209","835","1209"
"2024-10-18","-0.63","9480","790","12","790","12"
"2024-10-17","0","130020","795","175","795","175"
"2024-10-16","-0.63","103350","795","130","795","130"
"2024-10-15","-2.44","674060","800","864","800","864"
"2024-10-14","-1.8","75840","820","92","820","92"
"2024-10-11","0","5010","835","6","835","6"
"2024-10-10","0","86840","835","104","835","104"
"2024-10-09","-0.6","1190615","835","1525","835","1525"
"2024-10-08","-1.18","8400","840","10","840","10"
"2024-10-07","0","115910","850","137","850","137"
"2024-10-04","5.59","621900","850","733","850","733"
"2024-10-03","0","702670","805","932","805","932"
"2024-10-02","-7.47","805","805","1","805","1"
"2024-10-01","0","43500","870","50","870","50"
"2024-09-30","4.82","905670","870","1041","870","1041"
"2024-09-27","5.06","554930","830","738","830","738"
"2024-09-26","-7.06","125750","790","155","790","155"
"2024-09-25","-1.16","4250","850","5","850","5"
"2024-09-24","0","25775","860","30","860","30"
"2024-09-23","-0.58","3781130","860","4696","860","4696"
"2024-09-20","7.45","22600","865","28","865","28"
"2024-09-19","-7.47","192395","805","239","805","239"
"2024-09-18","0","87000","870","100","870","100"
"2024-09-17","0.58","144640","870","177","870","177"
"2024-09-16","-1.7","78690","865","95","865","95"
"2024-09-13","-7.37","176000","880","200","880","200"
"2024-09-12","7.34","75040","950","79","950","79"
"2024-09-11","7.27","9735","885","11","885","11"
"2024-09-10","7.14","825","825","1","825","1"
"2024-09-09","-7.23","290260","770","368","770","368"
"2024-09-06","0.61","249000","830","300","830","300"
"2024-09-05","-0.6","9125","825","11","825","11"
"2024-09-04","-7.26","372190","830","443","830","443"
"2024-09-03","-7.25","60860","895","68","895","68"
"2024-09-02","0","43925","965","49","965","49"
"2024-08-30","0","1930","965","2","965","2"
"2024-08-29","0","19300","965","20","965","20"
"2024-08-27","0","9650","965","10","965","10"
"2024-08-26","0","96500","965","100","965","100"
"2024-08-23","-1.03","35815","965","37","965","37"
"2024-08-22","0","377675","975","407","975","407"
"2024-08-21","0","14625","975","15","975","15"
"2024-08-20","-0.51","1950","975","2","975","2"
"2024-08-19","1.55","74000","980","80","980","80"
"2024-08-16","0","3860","965","4","965","4"
"2024-08-13","7.22","704450","965","730","965","730"
"2024-08-12","4.65","9000","900","10","900","10"
"2024-08-09","0","46440","860","54","860","54"
"2024-08-05","0","134160","860","156","860","156"
"2024-08-02","0","554700","860","645","860","645"
"2024-07-31","0","860","860","1","860","1"
"2024-07-30","0","6020","860","7","860","7"
"2024-07-29","1.18","1720","860","2","860","2"
"2024-07-26","-1.16","2550","850","3","850","3"
"2024-07-25","7.5","23510","860","31","860","31"
"2024-07-23","0.63","19900","800","26","800","26"
"2024-07-22","-7.02","62805","795","79","795","79"
"2024-07-19","-5.52","275480","855","326","855","326"
"2024-07-18","0","2059780","905","2276","905","2276"
"2024-07-17","-7.18","203620","905","224","905","224"
"2024-07-16","0","85075","975","90","975","90"
"2024-07-12","-0.51","975","975","1","975","1"
"2024-07-11","0","29400","980","30","980","30"
"2024-07-10","0","980","980","1","980","1"
"2024-07-09","0.51","35290","980","38","980","38"
"2024-07-08","-0.51","28275","975","29","975","29"
"2024-07-05","0.51","44100","980","45","980","45"
"2024-07-04","-0.51","6835","975","7","975","7"
"2024-07-03","0.51","50925","980","52","980","52"
"2024-07-02","-0.51","53625","975","55","975","55"
"2024-07-01","0.51","153090","980","157","980","157"
"2024-06-28","6.56","6825","975","7","975","7"
"2024-06-27","-6.15","9150","915","10","915","10"
"2024-06-26","7.14","46065","975","54","975","54"
"2024-06-25","-7.14","8190","910","9","910","9"
"2024-06-24","0","98000","980","100","980","100"
"2024-06-21","0","25620","980","28","980","28"
"2024-06-20","0","86590","980","95","980","95"
"2024-06-18","0.51","19600","980","20","980","20"
"2024-06-14","-0.51","91975","975","101","975","101"
"2024-06-11","0","5880","980","6","980","6"
"2024-06-07","0","198940","980","203","980","203"
"2024-06-05","0","539000","980","550","980","550"
"2024-06-04","0","78300","980","80","980","80"
"2024-06-03","0","19600","980","20","980","20"
"2024-05-31","0","54810","980","56","980","56"
"2024-05-29","0","34300","980","35","980","35"
"2024-05-28","0","1960","980","2","980","2"
"2024-05-27","0","58800","980","60","980","60"
"2024-05-24","0","23100","980","25","980","25"
"2024-05-23","0","282240","980","288","980","288"
"2024-05-22","-2.49","775180","980","791","980","791"
"2024-05-16","0","426115","1005","423","1005","423"
"2024-05-15","-1.95","1005","1005","1","1005","1"
"2024-05-14","-7.24","2050","1025","2","1025","2"
"2024-05-13","0","7335","1105","7","1105","7"
"2024-05-10","-7.14","1105","1105","1","1105","1"
"2024-04-23","-0.42","2380","1190","2","1190","2"
"2024-04-22","0","1195","1195","1","1195","1"
"2024-04-19","0","1195","1195","1","1195","1"
"2024-04-18","-0.42","11950","1195","10","1195","10"
"2024-04-16","-2.44","6000","1200","5","1200","5"
"2024-04-11","0","9840","1230","8","1230","8"
"2024-04-03","-0.4","43050","1230","35","1230","35"
"2024-04-02","7.39","6175","1235","5","1235","5"
"2024-03-29","-4.17","18400","1150","16","1150","16"
"2024-03-28","2.56","209250","1200","175","1200","175"
"2024-03-27","7.34","8231890","1170","7487","1170","7487"
"2024-03-25","0","305580","1090","298","1090","298"
"2024-03-22","0","10900","1090","10","1090","10"
"2024-03-21","0","323400","1090","306","1090","306"
"2024-03-19","0","6540","1090","6","1090","6"
"2024-03-14","0","1822795","1090","1738","1090","1738"
"2024-03-13","1.4","1822795","1090","1738","1090","1738"
"2024-03-12","-1.83","78625","1075","77","1075","77"
"2024-03-08","0","2190","1095","2","1095","2"
"2024-03-07","0","81000","1095","74","1095","74"
"2024-03-06","0","16425","1095","15","1095","15"
"2024-03-05","-2.23","33945","1095","31","1095","31"
"2024-02-28","-0.44","107935","1120","103","1120","103"
"2024-02-23","-0.44","92250","1125","82","1125","82"
"2024-02-21","0","11300","1130","10","1130","10"
"2024-02-19","0","60650","1130","55","1130","55"
"2024-02-15","0","3390","1130","3","1130","3"
"2024-02-06","-1.31","3484200","1130","3155","1130","3155"
"2024-01-31","4.09","3809895","1145","3464","1145","3464"
"2024-01-30","-3.93","5490500","1100","5005","1100","5005"
"2024-01-29","0","1105725","1145","1005","1145","1005"
"2024-01-25","0","11450","1145","10","1145","10"
"2024-01-23","0","1655725","1145","1505","1145","1505"
"2024-01-18","0","2437290","1145","2202","1145","2202"
"2024-01-17","0","22900","1145","20","1145","20"
"2024-01-16","0","688115","1145","601","1145","601"
"2024-01-12","0","2618295","1145","2356","1145","2356"
"2024-01-11","-0.87","254390","1145","232","1145","232"
"2024-01-08","7.44","19056285","1155","18047","1155","18047"
"2024-01-05","-7.33","10750","1075","10","1075","10"
"2024-01-04","0","124955955","1160","107739","1160","107739"
"2024-01-03","-7.2","638500","1160","550","1160","550"
"2024-01-02","-3.47","66485","1250","53","1250","53"
"2023-12-27","3.6","14037095","1295","11650","1295","11650"
"2023-12-26","0","7245750","1250","5801","1250","5801"
"2023-12-22","0","100910505","1250","77925","1250","77925"
"2023-12-20","6.38","5964250","1250","5173","1250","5173"
"2023-12-19","2.17","124626985","1175","108608","1175","108608"
"2023-12-18","-4.17","32200","1150","28","1150","28"
"2023-12-15","-4","98700","1200","82","1200","82"
"2023-12-14","-3.85","644625","1250","501","1250","501"
"2023-12-13","0","130000","1300","100","1300","100"
"2023-12-12","-3.7","204100","1300","157","1300","157"
"2023-12-11","3.85","138346700","1350","102490","1350","102490"
"2023-12-08","-2.62","11247570","1300","8460","1300","8460"
"2023-12-07","2.69","4568970","1335","3510","1335","3510"
"2023-12-06","5.26","5238000","1300","4343","1300","4343"
"2023-12-05","-0.4","1656575","1235","1336","1235","1336"
"2023-12-04","5.08","127528535","1240","108957","1240","108957"
"2023-12-01","-0.84","4720","1180","4","1180","4"
"2023-11-30","-2.86","8526965","1190","7439","1190","7439"
"2023-11-29","-2","74799975","1225","60083","1225","60083"
"2023-11-28","-7.41","12500","1250","10","1250","10"
"2023-11-24","0","983990","1350","741","1350","741"
"2023-11-23","4.65","262700","1350","197","1350","197"
"2023-11-22","7.05","220580","1290","180","1290","180"
"2023-11-21","5.7","1822520","1205","1608","1205","1608"
"2023-11-17","7.04","2917570","1140","2593","1140","2593"
"2023-11-16","7.04","4348220","1065","4496","1065","4496"
"2023-11-14","-0.5","19900000","995","20000","995","20000"
"2023-11-13","0.5","67867050","1000","71369","1000","71369"
"2023-11-10","-0.5","64775","995","65","995","65"
"2023-11-09","5.26","9999950","1000","10526","1000","10526"
"2023-11-08","5.56","11947200","950","13178","950","13178"
"2023-11-07","0","65635","900","73","900","73"
"2023-11-06","-5.26","23400","900","26","900","26"
"2023-11-03","4.4","66356365","950","74451","950","74451"
"2023-11-02","-0.55","10930","910","12","910","12"
"2023-10-31","-0.54","320250","915","350","915","350"
"2023-10-30","6.98","2337945","920","2769","920","2769"
"2023-10-27","-7.03","130965","860","151","860","151"
"2023-10-26","3.93","56689730","925","61369","925","61369"
"2023-10-25","-0.56","48060","890","54","890","54"
"2023-10-24","4.07","373475","895","413","895","413"
"2023-10-23","7.5","11373160","860","13400","860","13400"
"2023-10-20","7.38","488470","800","611","800","611"
"2023-10-19","7.19","262315","745","355","745","355"
"2023-10-18","6.92","44482295","695","68900","695","68900"
"2023-10-16","0.78","326750","650","505","650","505"
"2023-10-13","0","69015","645","107","645","107"
"2023-10-11","0","1290","645","2","645","2"
"2023-10-10","5.74","468365","645","751","645","751"
"2023-10-06","-5.43","130610","610","201","610","201"
"2023-10-05","-0.77","179600","645","278","645","278"
"2023-10-04","0.78","16900","650","26","650","26"
"2023-10-03","-0.77","97350","645","150","645","150"
"2023-10-02","0.78","173550","650","267","650","267"
"2023-09-28","0","177460","645","275","645","275"
"2023-09-25","2.38","337950","645","520","645","520"
"2023-09-22","-3.08","132400","630","210","630","210"
"2023-09-21","0","32500","650","50","650","50"
"2023-09-20","6.56","82550","650","127","650","127"
"2023-09-19","7.02","1285350","610","2115","610","2115"
"2023-09-18","0","11970","570","21","570","21"
"2023-09-15","0","222870","570","391","570","391"
"2023-09-14","1.79","153330","570","269","570","269"
"2023-09-13","-1.75","98000","560","175","560","175"
"2023-09-12","0","73530","570","129","570","129"
"2023-09-11","1.79","412305","570","728","570","728"
"2023-09-07","-6.67","23160","560","40","560","40"
"2023-09-06","0","265800","600","443","600","443"
"2023-09-05","0","244200","600","407","600","407"
"2023-09-04","0","98380","600","164","600","164"
"2023-09-01","-0.83","64485","600","107","600","107"
"2023-08-31","-6.92","341825","605","565","605","565"
"2023-08-30","7.44","141350","650","232","650","232"
"2023-08-29","-6.92","124290","605","198","605","198"
"2023-08-28","0","6500","650","10","650","10"
"2023-08-25","0","183530","650","289","650","289"
"2023-08-24","0","3900","650","6","650","6"
"2023-08-23","0","91300","650","142","650","142"
"2023-08-22","-2.99","58790","650","89","650","89"
"2023-08-21","0","286090","670","427","670","427"
"2023-08-18","0","67000","670","100","670","100"
"2023-08-17","-1.47","211140","670","312","670","312"
"2023-08-14","1.49","299200","680","440","680","440"
"2023-08-11","-1.47","4453980","670","6613","670","6613"
"2023-08-10","0","2720","680","4","680","4"
"2023-08-09","0","105400","680","155","680","155"
"2023-08-08","0","943830","680","1392","680","1392"
"2023-08-04","-2.86","74760","680","107","680","107"
"2023-08-03","-6.67","425600","700","608","700","608"
"2023-08-02","1.35","392360","750","541","750","541"
"2023-08-01","5.71","19240","740","26","740","26"
"2023-07-31","-5.41","135760","700","184","700","184"
"2023-07-28","0","79920","740","108","740","108"
"2023-07-27","-1.33","198720","740","266","740","266"
"2023-07-26","-1.96","884250","750","1179","750","1179"
"2023-07-25","-0.65","110925","765","145","765","145"
"2023-07-24","1.32","6905","770","9","770","9"
"2023-07-21","0","51680","760","68","760","68"
"2023-07-20","0","4560","760","6","760","6"
"2023-07-19","2.7","244330","760","322","760","322"
"2023-07-18","-3.9","263020","740","343","740","343"
"2023-07-17","0","7700","770","10","770","10"
"2023-07-14","0","13090","770","17","770","17"
"2023-07-13","0","19250","770","25","770","25"
"2023-07-11","1.32","46150","770","60","770","60"
"2023-07-07","-1.3","3800","760","5","760","5"
"2023-07-05","0","5390","770","7","770","7"
"2023-07-04","4.05","39290","770","51","770","51"
"2023-07-03","-6.33","112070","740","151","740","151"
"2023-06-30","6.76","10295","790","13","790","13"
"2023-06-29","-6.92","145710","740","188","740","188"
"2023-06-27","0","7950","795","10","795","10"
"2023-06-26","0","11130","795","14","795","14"
"2023-06-23","0","71550","795","90","795","90"
"2023-06-22","-0.63","14310","795","18","795","18"
"2023-06-19","-1.23","20000","800","25","800","25"
"2023-06-16","-0.61","6480","810","8","810","8"
"2023-06-14","0","65200","815","80","815","80"
"2023-06-12","-0.61","10595","815","13","815","13"
"2023-06-09","0","4100","820","5","820","5"
"2023-06-08","-1.2","131200","820","160","820","160"
"2023-06-06","0","5810","830","7","830","7"
"2023-06-05","0","37350","830","45","830","45"
"2023-06-01","0","33200","830","40","830","40"
"2023-05-30","-1.19","830","830","1","830","1"
"2023-05-26","0","46200","840","55","840","55"
"2023-05-23","-6.15","16800","840","20","840","20"
"2023-05-19","-1.1","75180","895","84","895","84"
"2023-05-17","-0.55","9050","905","10","905","10"
"2023-05-16","-1.09","9100","910","10","910","10"
"2023-05-12","0","9200","920","10","920","10"
"2023-05-09","-1.6","13800","920","15","920","15"
"2023-05-04","0","46750","935","50","935","50"
"2023-04-28","0","4675","935","5","935","5"
"2023-04-27","-0.53","42735","935","46","935","46"
"2023-04-26","-1.05","188220","940","201","940","201"
"2023-04-17","0","31480","950","35","950","35"
"2023-04-12","-0.52","271900","950","302","950","302"
"2023-04-03","0","182230","955","205","955","205"
"2023-03-31","2.69","24455","955","26","955","26"
"2023-03-30","-0.53","46500","930","50","930","50"
"2023-03-29","-1.58","338425","935","380","935","380"
"2023-03-27","0","322000","950","360","950","360"
"2023-03-24","-1.04","190950","950","201","950","201"
"2023-03-22","0","1455390","960","1540","960","1540"
"2023-03-21","3.78","2297780","960","2483","960","2483"
"2023-03-20","-3.65","302410","925","326","925","326"
"2023-03-10","0","48000","960","50","960","50"
"2023-03-09","0.52","500275","960","561","960","561"
"2023-03-08","-0.52","42425","955","45","955","45"
"2023-03-01","6.67","102780","960","112","960","112"
"2023-02-28","-6.25","52500","900","58","900","58"
"2023-02-27","6.67","52740","960","55","960","55"
"2023-02-24","-6.25","432890","900","481","900","481"
"2023-02-23","-4","19400","960","20","960","20"
"2023-02-22","0","2459500","1000","2460","1000","2460"
"2023-02-21","3.63","415365","1000","421","1000","421"
"2023-02-20","7.22","127320","965","133","965","133"
"2023-02-17","-5.26","239375","900","253","900","253"
"2023-02-16","-6.4","9500","950","10","950","10"
"2023-02-14","0","96215","1015","101","1015","101"
"2023-02-13","-0.98","102715","1015","101","1015","101"
"2023-02-10","7.33","39298940","1025","44326","1025","44326"
"2023-02-09","7.3","66440","955","71","955","71"
"2023-02-08","7.23","1499310","890","1786","890","1786"
"2023-02-07","7.1","14583605","830","20230","830","20230"
"2023-02-06","6.9","961775","775","1241","775","1241"
"2023-02-02","0","145000","725","200","725","200"
"2023-02-01","-7.05","18125","725","25","725","25"
"2023-01-31","0","27300","780","35","780","35"
"2023-01-30","-1.89","1560","780","2","780","2"
"2023-01-27","-0.63","5565","795","7","795","7"
"2023-01-24","0","7200","800","9","800","9"
"2023-01-23","0","40000","800","50","800","50"
"2023-01-20","0","16000","800","20","800","20"
"2023-01-19","0","20000","800","25","800","25"
"2023-01-16","0","29600","800","37","800","37"
"2023-01-13","0","52800","800","66","800","66"
"2023-01-12","0","81600","800","102","800","102"
"2023-01-11","0","80000","800","100","800","100"
"2023-01-10","-3.61","42475","800","53","800","53"
"2023-01-05","-5.68","4115","830","5","830","5"
"2022-12-30","0.57","287060","880","327","880","327"
"2022-12-28","0","21875","875","25","875","25"
"2022-12-27","0","338625","875","387","875","387"
"2022-12-23","-1.13","10500","875","12","875","12"
"2022-12-16","-0.56","19470","885","22","885","22"
"2022-12-15","0","22250","890","25","890","25"
"2022-12-13","0","35600","890","40","890","40"
"2022-12-12","-0.56","62300","890","70","890","70"
"2022-12-06","0.56","456855","895","514","895","514"
"2022-12-01","0","64970","890","73","890","73"
"2022-11-30","-1.11","85850","890","97","890","97"
"2022-11-28","-1.1","5400","900","6","900","6"
"2022-11-17","5.81","910","910","1","910","1"
"2022-11-16","7.5","455800","860","530","860","530"
"2022-11-11","0","800","800","1","800","1"
"2022-11-09","0","81600","800","102","800","102"
"2022-11-07","0","16000","800","20","800","20"
"2022-11-04","-6.98","8113320","800","10137","800","10137"
"2022-11-03","7.5","3852120","860","4815","860","4815"
"2022-11-02","0","181600","800","227","800","227"
"2022-10-27","0","7260","800","9","800","9"
"2022-10-26","0","19200","800","24","800","24"
"2022-10-25","-3.03","88800","800","111","800","111"
"2022-10-20","0","9900","825","12","825","12"
"2022-10-19","-1.2","21575","825","26","825","26"
"2022-10-17","0","8350","835","10","835","10"
"2022-10-13","-7.22","30775","835","36","835","36"
"2022-10-12","1.12","198830","900","221","900","221"
"2022-10-11","7.23","8399370","890","10119","890","10119"
"2022-10-10","0","24070","830","29","830","29"
"2022-10-06","0","146655","830","181","830","181"
"2022-10-05","0","12100","830","15","830","15"
"2022-10-04","0","1660","830","2","830","2"
"2022-10-03","0","19115","830","23","830","23"
"2022-09-30","-2.35","2490","830","3","830","3"
"2022-09-29","0","136200","850","162","850","162"
"2022-09-28","-4.49","352845","850","410","850","410"
"2022-09-27","4.71","8906930","890","10492","890","10492"
"2022-09-26","6.92","1465850","850","1738","850","1738"
"2022-09-23","7.43","303225","795","404","795","404"
"2022-09-22","6.47","43930265","740","68045","740","68045"
"2022-09-21","-7.33","4956210","695","7085","695","7085"
"2022-09-20","7.14","3750","750","5","750","5"
"2022-09-19","-7.28","511270","700","679","700","679"
"2022-09-16","-6.21","781295","755","1012","755","1012"
"2022-09-15","0","16100","805","20","805","20"
"2022-09-14","-6.94","254980","805","316","805","316"
"2022-09-13","0","8650","865","10","865","10"
"2022-09-12","-2.81","117395","865","133","865","133"
"2022-09-08","0","183340","890","206","890","206"
"2022-09-07","2.89","3560","890","4","890","4"
"2022-09-06","0.58","865","865","1","865","1"
"2022-09-05","0","8600","860","10","860","10"
"2022-09-02","0","104400","860","120","860","120"
"2022-09-01","0","9460","860","11","860","11"
"2022-08-26","7.5","128600","860","160","860","160"
"2022-08-25","0","40000","800","50","800","50"
"2022-08-24","-4.19","1010775","800","1263","800","1263"
"2022-08-23","-7.22","460085","835","551","835","551"
"2022-08-22","0","10670","900","12","900","12"
"2022-08-18","0","9000","900","10","900","10"
"2022-08-17","0","15300","900","17","900","17"
"2022-08-16","0","134100","900","149","900","149"
"2022-08-12","-1.1","187360","900","208","900","208"
"2022-08-11","0","97110","910","102","910","102"
"2022-08-10","-7.14","39480","910","43","910","43"
"2022-08-09","0.51","7840","980","8","980","8"
"2022-08-05","0","1950","975","2","975","2"
"2022-08-04","0","48750","975","50","975","50"
"2022-08-03","7.14","98605","975","108","975","108"
"2022-08-02","0","263965","910","289","910","289"
"2022-08-01","1.11","39130","910","43","910","43"
"2022-07-29","-1.1","100010","900","111","900","111"
"2022-07-28","0","91850","910","102","910","102"
"2022-07-27","0","25280","910","28","910","28"
"2022-07-26","0","11830","910","13","910","13"
"2022-07-25","0","109200","910","120","910","120"
"2022-07-21","0","450845","910","518","910","518"
"2022-07-20","0","152420","910","169","910","169"
"2022-07-19","0","371280","910","408","910","408"
"2022-07-18","-7.14","1363180","910","1498","910","1498"
"2022-07-15","0","41160","980","42","980","42"
"2022-07-14","0","140980","980","151","980","151"
"2022-07-13","0","357700","980","365","980","365"
"2022-07-08","0","30380","980","31","980","31"
"2022-07-06","0","298750","980","305","980","305"
"2022-07-01","0","4900","980","5","980","5"
"2022-06-30","3.16","20580","980","21","980","21"
"2022-06-29","-4.52","114995","950","121","950","121"
"2022-06-27","1.53","995","995","1","995","1"
"2022-06-23","6.52","345980","980","376","980","376"
"2022-06-22","-7.07","295320","920","321","920","321"
"2022-06-16","-1","4950","990","5","990","5"
"2022-06-15","1.01","28000","1000","28","1000","28"
"2022-06-14","0","287100","990","290","990","290"
"2022-06-13","0","9900","990","10","990","10"
"2022-06-09","0","4950","990","5","990","5"
"2022-06-07","0","375260","990","379","990","379"
"2022-06-03","0","297000","990","300","990","300"
"2022-06-02","-1","48510","990","49","990","49"
"2022-06-01","0.5","477965","1000","479","1000","479"
"2022-05-31","0","99500","995","100","995","100"
"2022-05-30","0","49750","995","50","995","50"
"2022-05-27","0","363920","995","368","995","368"
"2022-05-25","-0.5","49750","995","50","995","50"
"2022-05-24","0","99820","1000","100","1000","100"
"2022-05-23","0","65000","1000","65","1000","65"
"2022-05-20","0","30000","1000","30","1000","30"
"2022-05-19","0","106000","1000","106","1000","106"
"2022-05-18","-4.76","106780","1000","107","1000","107"
"2022-05-17","5","483960","1050","462","1050","462"
"2022-05-16","0","80850","1000","82","1000","82"
"2022-05-13","0","13750","1000","13","1000","13"
"2022-05-12","0","3000","1000","3","1000","3"
"2022-05-11","0","219900","1000","220","1000","220"
"2022-05-10","0","30940","1000","31","1000","31"
"2022-05-09","0","141600","1000","142","1000","142"
"2022-05-06","-6.98","720000","1000","720","1000","720"
"2022-05-05","-1.38","1977760","1075","1871","1075","1871"
"2022-05-04","-3.96","346100","1090","315","1090","315"
"2022-05-03","6.57","2297805","1135","2117","1135","2117"
"2022-04-29","0","1521900","1065","1535","1065","1535"
"2022-04-27","-7.39","4800860","1065","4476","1065","4476"
"2022-04-26","0","439900","1150","407","1150","407"
"2022-04-25","-4.17","1248950","1150","1078","1150","1078"
"2022-04-22","-2.04","121680","1200","104","1200","104"
"2022-04-21","-5.41","72800","1225","59","1225","59"
"2022-04-20","0","224095","1295","173","1295","173"
"2022-04-19","0","314685","1295","243","1295","243"
"2022-04-15","7.47","1295","1295","1","1295","1"
"2022-04-14","7.11","5339550","1205","5076","1205","5076"
"2022-04-13","7.14","70984750","1125","70881","1125","70881"
"2022-04-12","-1.87","948585","1050","893","1050","893"
"2022-04-11","2.88","566350","1070","530","1070","530"
"2022-04-08","-4.15","3332620","1040","3082","1040","3082"
"2022-04-07","-6.47","154470","1085","138","1085","138"
"2022-04-06","7.41","159980","1160","138","1160","138"
"2022-04-05","0","3830260","1080","3422","1080","3422"
"2022-04-04","0","767050","1080","670","1080","670"
"2022-04-01","0","110160","1080","102","1080","102"
"2022-03-31","-7.3","11259940","1080","10120","1080","10120"
"2022-03-30","-6.8","1303160","1165","1073","1165","1073"
"2022-03-29","-7.41","297500","1250","238","1250","238"
"2022-03-28","-7.22","1721250","1350","1275","1350","1275"
"2022-03-25","-7.32","109125","1455","75","1455","75"
"2022-03-24","-7.37","4840310","1570","3083","1570","3083"
"2022-03-23","0","569620","1695","336","1695","336"
"2022-03-22","0","123770","1695","73","1695","73"
"2022-03-21","-7.38","5194275","1695","3061","1695","3061"
"2022-03-18","-7.34","936095","1830","503","1830","503"
"2022-03-17","-7.28","41645520","1975","19707","1975","19707"
"2022-03-16","0","755835","2130","352","2130","352"
"2022-03-15","7.3","11685700","2130","6027","2130","6027"
"2022-03-14","7.3","134630750","1985","73180","1985","73180"
"2022-03-11","7.25","1297725","1850","731","1850","731"
"2022-03-10","7.48","2872000","1725","1687","1725","1687"
"2022-03-09","7.36","5790540","1605","4016","1605","4016"
"2022-03-08","7.17","647990","1495","436","1495","436"
"2022-03-07","7.31","80024510","1395","66044","1395","66044"
"2022-03-04","7","1505670","1300","1237","1300","1237"
"2022-03-03","-0.41","3760470","1215","2995","1215","2995"
"2022-03-02","7.49","1755315","1220","1498","1220","1498"
"2022-03-01","7.08","535575","1135","472","1135","472"
"2022-02-28","7.07","21031685","1060","20996","1060","20996"
"2022-02-25","7.03","44809170","990","52099","990","52099"
"2022-02-24","-7.04","270050","925","288","925","288"
"2022-02-23","-7.44","131340","995","132","995","132"
"2022-02-22","-7.33","464050","1075","402","1075","402"
"2022-02-21","-7.2","589705","1160","489","1160","489"
"2022-02-18","5.04","39499300","1250","30981","1250","30981"
"2022-02-17","7.21","1589340","1190","1386","1190","1386"
"2022-02-16","7.25","2261065","1110","2143","1110","2143"
"2022-02-15","7.25","1421890","1035","1469","1035","1469"
"2022-02-14","7.22","907245","965","984","965","984"
"2022-02-11","0","216000","900","240","900","240"
"2022-02-10","6.51","6932525","900","8008","900","8008"
"2022-02-09","6.96","2036950","845","2545","845","2545"
"2022-02-08","7.48","579860","790","734","790","734"
"2022-02-07","7.3","12494855","735","19076","735","19076"
"2022-02-04","-7.43","4781795","685","6936","685","6936"
"2022-02-03","0","794250","740","1075","740","1075"
"2022-02-02","-7.5","15173150","740","19086","740","19086"
"2022-02-01","0","240000","800","300","800","300"
"2022-01-31","3.23","244855","800","323","800","323"
"2022-01-28","0.65","138775","775","182","775","182"
"2022-01-27","-0.65","26180","770","34","770","34"
"2022-01-26","1.97","19375","775","25","775","25"
"2022-01-25","-5","64475","760","85","760","85"
"2022-01-24","0","231000","800","307","800","307"
"2022-01-20","7.38","13936000","800","17420","800","17420"
"2022-01-19","-6.88","45250","745","60","745","60"
"2022-01-18","-0.62","20925","800","26","800","26"
"2022-01-17","-4.17","210750","805","260","805","260"
"2022-01-11","4.35","109200","840","130","840","130"
"2022-01-10","-4.17","62825","805","75","805","75"
"2022-01-07","-5.62","664400","840","790","840","790"
"2022-01-06","-0.56","4450","890","5","890","5"
"2022-01-05","-0.56","333545","895","376","895","376"
"2022-01-04","-1.1","329800","900","365","900","365"
"2022-01-03","7.06","3163590","910","3684","910","3684"
"2021-12-31","0","26240","850","31","850","31"
"2021-12-30","6.92","1303540","850","1535","850","1535"
"2021-12-29","-4.79","189605","795","239","795","239"
"2021-12-28","7.05","2323335","835","2811","835","2811"
"2021-12-27","6.85","1602370","780","2146","780","2146"
"2021-12-24","7.35","1046740","730","1474","730","1474"
"2021-12-23","7.09","814500","680","1264","680","1264"
"2021-12-22","6.72","10776995","635","18013","635","18013"
"2021-12-21","0","5950","595","10","595","10"
"2021-12-20","0","2380","595","4","595","4"
"2021-12-17","0","29155","595","49","595","49"
"2021-12-16","0","38675","595","65","595","65"
"2021-12-15","0","29745","595","50","595","50"
"2021-12-14","7.21","751190","595","1458","595","1458"
"2021-12-13","-7.5","16650","555","30","555","30"
"2021-12-09","0","6000","600","10","600","10"
"2021-12-08","0","43200","600","72","600","72"
"2021-12-07","0","280200","600","467","600","467"
"2021-12-06","-3.23","322080","600","532","600","532"
"2021-12-03","5.08","1071720","620","1806","620","1806"
"2021-12-02","7.27","87910","590","149","590","149"
"2021-12-01","6.8","17680","550","33","550","33"
"2021-11-30","7.29","557525","515","1125","515","1125"
"2021-11-29","-4","20160","480","42","480","42"
"2021-11-26","0","227500","500","455","500","455"
"2021-11-25","0","763000","500","1526","500","1526"
"2021-11-24","0","382500","500","765","500","765"
"2021-11-23","-2.91","951205","500","1884","500","1884"
"2021-11-22","-0.96","1712425","515","3319","515","3319"
"2021-11-19","0","94120","520","181","520","181"
"2021-11-18","-5.45","829720","520","1592","520","1592"
"2021-11-17","-6.78","2750","550","5","550","5"
"2021-11-11","-0.84","542805","590","919","590","919"
"2021-11-10","-0.83","41650","595","70","595","70"
"2021-11-09","0","19800","600","33","600","33"
"2021-11-08","0","154140","600","259","600","259"
"2021-11-05","0","59750","600","100","600","100"
"2021-11-04","0","353825","600","591","600","591"
"2021-11-03","0","80400","600","134","600","134"
"2021-10-29","0","43800","600","73","600","73"
"2021-10-28","0","52800","600","88","600","88"
"2021-10-27","0","3600","600","6","600","6"
"2021-10-26","4.35","246000","600","410","600","410"
"2021-10-25","-6.5","84610","575","142","575","142"
"2021-10-22","0","423120","615","688","615","688"
"2021-10-21","0","136865","615","223","615","223"
"2021-10-20","0","44280","615","72","615","72"
"2021-10-19","-0.81","26445","615","43","615","43"
"2021-10-14","0","12400","620","20","620","20"
"2021-10-13","0","15500","620","25","620","25"
"2021-10-12","-0.8","73575","620","118","620","118"
"2021-10-11","0","39375","625","63","625","63"
"2021-10-08","4.17","28100","625","46","625","46"
"2021-10-07","-4","596250","600","968","600","968"
"2021-10-06","0","296875","625","475","625","475"
"2021-10-04","0","381535","625","614","625","614"
"2021-10-01","-0.79","266150","625","443","625","443"
"2021-09-30","0","7560","630","12","630","12"
"2021-09-29","0","40320","630","64","630","64"
"2021-09-28","-3.82","1388745","630","2197","630","2197"
"2021-09-27","0","662050","655","1010","655","1010"
"2021-09-24","0","1923080","655","2936","655","2936"
"2021-09-23","-0.76","295020","655","452","655","452"
"2021-09-22","0","72700","660","110","660","110"
"2021-09-21","4.76","132000","660","200","660","200"
"2021-09-20","-3.08","590935","630","937","630","937"
"2021-09-17","-3.7","40025","650","61","650","61"
"2021-09-16","0","307125","675","455","675","455"
"2021-09-15","0","62795","675","93","675","93"
"2021-09-14","-2.88","237185","675","351","675","351"
"2021-09-13","0","63405","695","91","695","91"
"2021-09-10","-0.71","242780","695","347","695","347"
"2021-09-09","0","520785","700","744","700","744"
"2021-09-08","0","164395","700","231","700","231"
"2021-09-07","-4.76","514325","700","702","700","702"
"2021-09-06","-5.77","1704645","735","2281","735","2281"
"2021-09-03","0.65","1030400","780","1324","780","1324"
"2021-09-02","6.9","699625","775","929","775","929"
"2021-09-01","7.41","280735","725","392","725","392"
"2021-08-31","7.14","239625","675","355","675","355"
"2021-08-30","6.78","157500","630","250","630","250"
"2021-08-27","7.27","231660","590","406","590","406"
"2021-08-26","6.8","550","550","1","550","1"
"2021-08-25","0.98","29220","515","57","515","57"
"2021-08-24","-0.97","185920","510","354","510","354"
"2021-08-23","0.98","252630","515","503","515","503"
"2021-08-20","-0.97","497675","510","966","510","966"
"2021-08-19","-7.21","1081750","515","1978","515","1978"
"2021-08-18","-6.72","304475","555","545","555","545"
"2021-08-17","-2.46","311235","595","500","595","500"
"2021-08-16","-5.43","661810","610","1070","610","1070"
"2021-08-13","7.5","8310","645","13","645","13"
"2021-08-12","5.26","397700","600","691","600","691"
"2021-08-11","0","1653000","570","2900","570","2900"
"2021-08-10","-7.32","1803160","570","3128","570","3128"
"2021-08-09","-5.38","341360","615","555","615","555"
"2021-08-06","-7.14","43550","650","67","650","67"
"2021-08-05","6.87","261615","700","393","700","393"
"2021-08-04","0","308140","655","469","655","469"
"2021-08-03","-7.09","338635","655","517","655","517"
"2021-08-02","-7.24","246100","705","330","705","330"
"2021-07-30","-7.32","160360","760","211","760","211"
"2021-07-29","-7.34","324060","820","378","820","378"
"2021-07-28","-1.67","234940","885","264","885","264"
"2021-07-27","0","974705","900","1086","900","1086"
"2021-07-26","1.69","6193930","900","6845","900","6845"
"2021-07-23","7.27","6739520","885","7637","885","7637"
"2021-07-22","7.14","4599375","825","5575","825","5575"
"2021-07-21","6.94","5651955","770","7494","770","7494"
"2021-07-19","7.46","934400","720","1315","720","1315"
"2021-07-16","7.2","2408535","670","3798","670","3798"
"2021-07-15","6.84","607500","625","972","625","972"
"2021-07-14","7.34","83655","585","143","585","143"
"2021-07-13","6.86","1599575","545","2935","545","2935"
"2021-07-12","7.37","1908420","510","3742","510","3742"
"2021-07-09","6.74","383500","475","810","475","810"
"2021-07-08","7.23","263885","445","593","445","593"
"2021-07-07","6.41","693900","415","1734","415","1734"
"2021-07-06","6.85","132405","390","340","390","340"
"2021-07-05","7.35","1367725","365","3765","365","3765"
"2021-07-02","0","112565","340","336","340","336"
"2021-07-01","-6.85","76035","340","216","340","216"
"2021-06-29","7.35","365","365","1","365","1"
"2021-06-28","0","6145","340","18","340","18"
"2021-06-25","0","71740","340","211","340","211"
"2021-06-23","-1.45","105225","340","305","340","305"
"2021-06-22","-6.76","81330","345","232","345","232"
"2021-06-21","-6.33","64075","370","171","370","171"
"2021-06-18","3.95","112480","395","307","395","307"
"2021-06-17","4.11","648235","380","1665","380","1665"
"2021-06-16","7.35","59290","365","166","365","166"
"2021-06-15","6.25","162860","340","479","340","479"
"2021-06-14","6.67","321600","320","1005","320","1005"
"2021-06-11","7.14","1698300","300","5701","300","5701"
"2021-06-10","5.66","136080","280","486","280","486"
"2021-06-09","6","48200","265","192","265","192"
"2021-06-08","-5.66","744930","250","2977","250","2977"
"2021-06-07","-5.36","131395","265","500","265","500"
"2021-06-04","0","1120","280","4","280","4"
"2021-06-03","0","11200","280","40","280","40"
"2021-06-02","5.66","30800","280","110","280","110"
"2021-06-01","6","265","265","1","265","1"
"2021-05-31","0","704000","250","2810","250","2810"
"2021-05-28","-5.66","64000","250","250","250","250"
"2021-05-27","-1.85","2650","265","10","265","10"
"2021-05-26","0","27000","270","100","270","100"
"2021-05-25","-1.82","8100","270","30","270","30"
"2021-05-21","0","275","275","1","275","1"
"2021-05-20","0","83310","275","303","275","303"
"2021-05-19","-1.79","138600","275","504","275","504"
"2021-05-14","0","4735","280","17","280","17"
"2021-05-10","5.66","282800","280","1010","280","1010"
"2021-05-07","6","249100","265","940","265","940"
"2021-05-06","6.38","25555","250","104","250","104"
"2021-05-05","6.82","12475","235","55","235","55"
"2021-05-04","7.32","2640","220","12","220","12"
"2021-05-03","0","164000","205","800","205","800"
"2021-04-30","5.13","1025","205","5","205","5"
"2021-04-29","5.41","9640","195","52","195","52"
"2021-04-28","5.71","925","185","5","185","5"
"2021-04-27","0","115405","175","657","175","657"
"2021-04-23","0","50225","175","287","175","287"
"2021-04-22","0","838250","175","4790","175","4790"
"2021-04-21","-5.41","211750","175","1210","175","1210"
"2021-04-16","0","18500","185","100","185","100"
"2021-04-13","0","74000","185","400","185","400"
"2021-04-12","0","740","185","4","185","4"
"2021-04-09","0","9250","185","50","185","50"
"2021-03-30","0","46250","185","250","185","250"
"2021-03-29","0","18500","185","100","185","100"
"2021-03-25","0","208680","185","1128","185","1128"
"2021-03-23","0","129500","185","700","185","700"
"2021-03-22","0","92500","185","500","185","500"
"2021-03-19","0","46250","185","250","185","250"
"2021-03-17","0","148000","185","800","185","800"
"2021-03-16","0","194990","185","1054","185","1054"
"2021-03-12","0","28250","185","150","185","150"
"2021-03-10","0","90650","185","490","185","490"
"2021-03-08","-5.13","308210","185","1666","185","1666"
"2021-03-05","-7.14","437550","195","2225","195","2225"
"2021-03-04","-6.67","47910","210","227","210","227"
"2021-03-03","-6.25","47700","225","210","225","210"
"2021-03-02","-5.88","15150","240","60","240","60"
"2021-03-01","0","137700","255","540","255","540"
"2021-02-26","-7.27","321300","255","1260","255","1260"
"2021-02-19","-1.79","3300","275","12","275","12"
"2021-02-15","-3.45","28000","280","100","280","100"
"2021-02-09","-3.33","36830","290","127","290","127"
"2021-02-05","-6.25","10500","300","35","300","35"
"2021-01-12","0","35440","320","112","320","112"
"2021-01-11","0","4160","320","13","320","13"
"2021-01-07","0","3840","320","12","320","12"
"2021-01-06","6.67","80000","320","250","320","250"
"2021-01-05","7.14","11025","300","37","300","37"
"2020-12-29","1.82","507360","280","1812","280","1812"
"2020-12-28","-1.79","13750","275","50","275","50"
"2020-12-24","0","66360","280","237","280","237"
"2020-12-22","1.82","593040","280","2118","280","2118"
"2020-12-21","0","52800","275","192","275","192"
"2020-12-17","0","464475","275","1689","275","1689"
"2020-12-16","-6.78","339900","275","1236","275","1236"
"2020-12-15","7.27","295200","295","1072","295","1072"
"2020-12-11","1.85","422400","275","1536","275","1536"
"2020-12-10","-1.82","21060","270","78","270","78"
"2020-12-03","0","6875","275","25","275","25"
"2020-12-02","0","825000","275","3000","275","3000"
"2020-12-01","0","385555","275","1409","275","1409"
"2020-11-25","0","137500","275","500","275","500"
"2020-11-23","0","558250","275","2030","275","2030"
"2020-11-13","0","6875","275","25","275","25"
"2020-11-12","0","61875","275","225","275","225"
"2020-11-11","0","275","275","1","275","1"
"2020-11-05","0","6875","275","25","275","25"
"2020-11-04","0","1375","275","5","275","5"
"2020-11-03","0","1375","275","5","275","5"
"2020-10-27","0","4950","275","18","275","18"
"2020-10-09","0","6875","275","25","275","25"
"2020-10-08","-6.78","13750","275","50","275","50"
"2020-09-11","-1.67","295000","295","1000","295","1000"
"2020-09-08","0","1500","300","5","300","5"
"2020-09-07","0","1200","300","4","300","4"
"2020-08-25","0","44800","300","151","300","151"
"2020-08-19","0","37200","300","124","300","124"
"2020-08-03","0","300","300","1","300","1"
"2020-07-29","1.69","7500","300","25","300","25"
"2020-07-24","-1.67","1475","295","5","295","5"
"2020-07-20","-6.25","15000","300","50","300","50"
"2020-07-16","-3.03","120000","320","375","320","375"
"2020-06-22","0","16500","330","50","330","50"
"2020-06-03","0","8250","330","25","330","25"
"2020-05-27","0","3300","330","10","330","10"
"2020-05-15","-2.94","3300","330","10","330","10"
"2020-05-06","0","34000","340","100","340","100"
"2020-03-27","0","493000","340","1450","340","1450"
"2020-03-20","4.62","68000","340","200","340","200"
"2020-03-19","-4.41","2600","325","8","325","8"
"2020-03-13","0","34000","340","100","340","100"
"2020-03-09","0","68000","340","200","340","200"
"2020-03-04","-1.45","51000","340","150","340","150"
"2020-03-03","1.47","10350","345","30","345","30"
"2020-02-27","-1.45","10200","340","30","340","30"
"2020-02-26","0","86250","345","250","345","250"
"2020-02-25","4.55","10350","345","30","345","30"
"2020-02-21","-4.35","4950","330","15","330","15"
"2020-02-20","4.55","690","345","2","345","2"
"2020-02-19","-4.35","3300","330","10","330","10"
"2020-02-14","0","345","345","1","345","1"
"2020-02-06","0","34500","345","100","345","100"
"2020-02-03","0","170775","345","495","345","495"
"2020-01-29","0","86250","345","250","345","250"
"2020-01-28","2.99","25875","345","75","345","75"
"2020-01-20","0","475700","335","1420","335","1420"
"2019-12-24","0","33500","335","100","335","100"
"2019-12-19","-2.9","20100","335","60","335","60"
"2019-12-06","-4.17","6900","345","20","345","20"
"2019-11-28","0","18000","360","50","360","50"
"2019-11-26","0","54000","360","150","360","150"
"2019-11-14","-6.49","3600","360","10","360","10"
"2019-10-30","-7.23","1925","385","5","385","5"
"2019-10-28","-2.35","114125","415","275","415","275"
"2019-10-10","-5.56","2125","425","5","425","5"
"2019-10-04","2.27","9000","450","20","450","20"
"2019-10-02","0","22000","440","50","440","50"
"2019-09-24","-4.35","4400","440","10","440","10"
"2019-09-18","-6.12","2760","460","6","460","6"
"2019-09-17","6.52","980","490","2","490","2"
"2019-09-13","-7.07","12880","460","28","460","28"
"2019-09-11","-1","10890","495","22","495","22"
"2019-09-09","0","60000","500","120","500","120"
"2019-08-27","0","1500","500","3","500","3"
"2019-08-19","0","4000","500","8","500","8"
"2019-08-16","1.01","25000","500","50","500","50"
"2019-08-13","-1","29700","495","60","495","60"
"2019-08-06","-7.41","157500","500","315","500","315"
"2019-08-05","0","100400","540","185","540","185"
"2019-08-02","0","383940","540","711","540","711"
"2019-07-31","0","1080","540","2","540","2"
"2019-07-30","0","2160","540","4","540","4"
"2019-07-29","0","17280","540","32","540","32"
"2019-07-26","-6.9","191940","540","351","540","351"
"2019-07-24","7.41","116860","580","209","580","209"
"2019-07-22","6.93","289130","540","550","540","550"
"2019-07-19","-7.34","1012955","505","1991","505","1991"
"2019-07-18","0","133350","545","230","545","230"
"2019-07-17","6.86","947380","545","1764","545","1764"
"2019-07-16","7.37","25500","510","50","510","50"
"2019-07-15","6.74","23750","475","50","475","50"
"2019-07-11","7.23","66750","445","150","445","150"
"2019-07-09","6.41","103750","415","250","415","250"
"2019-07-08","6.85","78000","390","200","390","200"
"2019-07-05","7.35","73000","365","200","365","200"
"2019-07-04","6.25","68000","340","200","340","200"
"2019-07-03","6.67","8000","320","25","320","25"
"2019-06-20","7.14","187500","300","625","300","625"
"2019-06-06","0","22400","280","80","280","80"
"2019-06-05","1.82","5600","280","20","280","20"
"2019-05-23","5.77","37125","275","135","275","135"
"2019-05-22","0","16900","260","65","260","65"
"2019-05-16","1.96","429100","260","1675","260","1675"
"2019-05-14","2","30600","255","120","255","120"
"2019-05-06","6.38","66250","250","265","250","265"
"2019-04-29","2.17","70500","235","300","235","300"
"2019-04-12","6.98","5520","230","24","230","24"
"2019-04-10","4.88","268750","215","1250","215","1250"
"2019-03-13","0","18450","205","90","205","90"
"2019-03-06","-4.65","246220","205","1194","205","1194"
"2019-03-05","-2.27","256690","215","1186","215","1186"
"2019-03-04","2.33","38500","220","175","220","175"
"2019-02-28","0","1075","215","5","215","5"
"2019-02-25","0","34400","215","160","215","160"
"2019-02-01","7.5","12900","215","60","215","60"
"2019-01-11","-4.76","17650","200","85","200","85"
"2019-01-08","-0.94","29650","210","140","210","140"
"2018-12-19","0","10600","212","50","5300","2"
"2018-12-17","1.92","10600","212","50","5300","2"
"2018-12-14","0.48","1081600","208","5200","5200","208"
"2018-12-13","-7.59","5180","207","25","5180","1"
"2018-12-12","0","33600","224","150","5600","6"
"2018-12-10","0","22400","224","100","5600","4"
"2018-12-06","-1.75","67200","224","300","5600","12"
"2018-11-29","0","438900","228","1925","5700","77"
"2018-11-26","-0.87","57000","228","250","5700","10"
"2018-11-21","5.02","258200","230","1150","5760","46"
"2018-11-16","2.34","21860","219","100","5465","4"
"2018-11-06","7","134000","214","625","5360","25"
"2018-11-05","0","149850","200","750","4995","30"
"2018-11-02","0","100000","200","500","5000","20"
"2018-10-17","-7.41","10000","200","50","5000","2"
"2018-10-12","5.88","1080000","216","5000","5400","200"
"2018-10-03","-7.27","35630","204","175","5090","7"
"2018-08-27","0","5500","220","25","5500","1"
"2018-08-22","0","44000","220","200","5500","8"
"2018-08-14","0","27500","220","125","5500","5"
"2018-08-13","0","11000","220","50","5500","2"
"2018-08-08","-4.35","93500","220","425","5500","17"
"2018-07-19","-4.96","57400","230","250","5740","10"
"2018-07-06","0.83","30250","242","125","6050","5"
"2018-06-27","0","60000","240","250","6000","10"
"2018-06-08","0","30000","240","125","6000","5"
"2018-06-07","0","24000","240","100","6000","4"
"2018-06-05","-0.41","6000","240","25","6000","1"
"2018-05-30","-7.31","60200","241","250","6020","10"
"2018-05-24","-7.14","143000","260","550","6500","22"
"2018-05-16","0","7000","280","25","7000","1"
"2018-05-14","0","35000","280","125","7000","5"
"2018-05-08","0","105000","280","375","7000","15"
"2018-05-07","-3.45","14000","280","50","7000","2"
"2018-04-26","-2.03","14500","290","50","7250","2"
"2018-04-13","0","96200","296","325","7400","13"
"2018-04-11","0","370000","296","1250","7400","50"
"2018-04-10","0","59200","296","200","7400","8"
"2018-04-03","0","125800","296","425","7400","17"
"2018-03-27","-7.5","14800","296","50","7400","2"
"2018-03-22","0","40000","320","125","8000","5"
"2018-03-16","-3.61","120000","320","375","8000","15"
"2018-03-15","-7.52","41525","332","125","8305","5"
"2018-03-13","-7.47","44875","359","125","8975","5"
"2018-02-26","-3","19400","388","50","9700","2"
"2018-01-29","-0.74","50000","400","125","10000","5"
"2018-01-25","-7.57","327000","403","750","10085","30"
"2018-01-11","0","184700","436","425","10900","17"
"2018-01-08","0","10900","436","25","10900","1"
"2018-01-05","0","10900","436","25","10900","1"
"2018-01-03","0","54500","436","125","10900","5"
"2017-12-29","0","119900","436","275","10900","11"
"2017-11-29","0","43600","436","100","10900","4"
"2017-11-28","0","43600","436","100","10900","4"
"2017-11-16","-2.46","10900","436","25","10900","1"
"2017-11-09","0","11180","447","25","11180","1"
"2017-11-06","0","111800","447","250","11180","10"
"2017-10-30","7.45","33540","447","75","11180","3"
"2017-10-20","7.49","894400","416","2150","10400","86"
"2017-10-17","7.5","19350","387","50","9675","2"
"2017-10-11","2.27","180000","360","500","22500","8"
"2017-10-10","-2.22","22000","352","63","22000","1"
"2017-10-09","2.27","134000","360","375","22500","6"
"2017-10-06","-2.22","110000","352","313","22000","5"
"2017-10-05","7.46","3897690","360","10813","22530","173"
"2017-10-04","7.37","607840","335","1813","20960","29"
"2017-10-03","7.22","117000","312","375","19500","6"
"2017-08-23","6.99","18200","291","63","18200","1"
"2017-08-08","0","34000","272","125","17000","2"
"2017-08-03","0","221000","272","813","17000","13"
"2017-08-02","-2.86","374000","272","1375","17000","22"
"2017-08-01","0","297500","280","1063","17500","17"
"2017-07-31","0","105500","280","375","17500","6"
"2017-06-20","0","157500","280","563","17500","9"
"2017-06-19","0","350005","280","1250","17500","20"
"2017-06-15","0","17500","280","63","17500","1"
"2017-06-14","-7.28","536700","280","1875","17500","30"
"2017-06-13","-0.66","18900","302","63","18900","1"
"2017-06-06","0","94975","304","313","18995","5"
"2017-06-01","0","133000","304","438","19000","7"
"2017-05-31","0","778795","304","2563","18995","41"
"2017-05-30","5.56","1087000","304","3625","19000","58"
"2017-05-29","-2.7","126000","288","438","18000","7"
"2017-05-26","-2.63","264000","296","875","18500","14"
"2017-05-24","-5","57000","304","188","19000","3"
"2017-05-19","0.63","600000","320","1875","20000","30"
"2017-05-18","-7.56","5270850","318","16563","19890","265"
"2017-05-15","-5.23","43000","344","125","21500","2"
"2017-05-12","-7.4","90800","363","250","22700","4"
"2017-05-02","-7.55","24515","392","63","24515","1"
"2017-04-21","0","1874600","424","4438","26500","71"
"2017-04-12","0","529750","424","1250","26500","20"
"2017-04-10","0","2645650","424","6250","26500","100"
"2017-04-05","-0.7","980330","424","2313","26500","37"
"2017-03-16","7.56","1221630","427","3063","26695","49"
"2017-03-06","0","49680","397","125","24840","2"
"2017-03-01","7.3","720360","397","1813","24840","29"
"2017-02-28","-6.8","23110","370","63","23110","1"
"2017-02-24","7.3","24840","397","63","24840","1"
"2017-02-23","7.56","23110","370","63","23110","1"
"2017-02-22","7.5","106000","344","313","21500","5"
"2017-02-14","2.89","1355000","320","4313","20000","69"
"2017-02-13","-7.44","194250","311","625","19425","10"
"2017-01-25","0","1889550","336","5625","20995","90"
"2017-01-24","-1.18","105000","336","313","21000","5"
"2017-01-20","0","42550","340","125","21275","2"
"2017-01-16","-7.61","63825","340","188","21275","3"
"2017-01-12","0","23000","368","63","23000","1"
"2016-12-30","0","23030","368","63","23030","1"
"2016-12-28","-7.54","115150","368","313","23030","5"
"2016-12-06","0","547690","398","1375","24895","22"
"2016-12-05","0","224055","398","563","24895","9"
"2016-12-02","0","99580","398","250","24895","4"
"2016-12-01","0","124475","398","313","24895","5"
"2016-11-11","0","398320","398","1000","24895","16"
"2016-11-08","0","49790","398","125","24895","2"
"2016-11-02","0","373425","398","938","24895","15"
"2016-10-28","0","2190760","398","5500","24895","88"
"2016-10-27","7.28","1170065","398","2938","24895","47"
"2016-10-26","0","69600","371","188","23200","3"
"2016-10-19","0","23200","371","63","23200","1"
"2016-10-17","-7.25","94100","371","250","23200","4"
"2016-10-14","0","25000","400","63","25000","1"
"2016-10-11","0","225000","400","563","25000","9"
"2016-10-10","0","100020","400","250","25000","4"
"2016-10-06","0","1075000","400","2688","25000","43"
"2016-09-30","-3.85","325000","400","813","25000","13"
"2016-09-23","-3.7","78000","416","188","26000","3"
"2016-09-22","0","26990","432","63","26990","1"
"2016-09-08","0","189000","432","438","27000","7"
"2016-09-07","-5.26","81000","432","188","27000","3"
"2016-09-02","1.79","28500","456","63","28500","1"
"2016-08-30","-6.67","364000","448","813","28000","13"
"2016-08-29","0","60000","480","125","30000","2"
"2016-08-25","-6.25","570000","480","1188","30000","19"
"2016-08-17","0","800000","512","1563","32000","25"
"2016-08-16","0","352000","512","688","32000","11"
"2016-08-12","-1.35","128000","512","250","32000","4"
"2016-08-11","-7.49","32455","519","63","32455","1"
"2016-07-28","-7.58","35085","561","63","35085","1"
"2016-07-22","-7.47","75850","607","125","37925","2"
"2016-07-08","-2.38","41000","656","63","41000","1"
"2016-07-07","-6.93","420000","672","625","42000","10"
"2016-07-04","7.44","225725","722","313","45145","5"
"2016-07-01","-1.18","1096500","672","1625","42000","26"
"2016-06-29","7.26","85000","680","125","42500","2"
"2016-06-27","-6.9","39615","634","63","39615","1"
"2016-06-24","7.41","285170","681","438","42585","7"
"2016-06-20","7.46","198075","634","313","39615","5"
"2016-06-17","7.47","737100","590","1250","36855","20"
"2016-06-15","7.65","514275","549","938","34285","15"
"2016-06-14","7.37","255160","510","500","31895","8"
"2016-05-24","0","296700","475","625","29670","10"
"2016-05-13","0","2551875","475","5375","29670","86"
"2016-05-11","7.47","89010","475","188","29670","3"
"2016-05-03","2.31","55200","442","125","27600","2"
"2016-04-21","0","243055","432","563","27005","9"
"2016-04-12","0","27005","432","63","27005","1"
"2016-04-07","0","216040","432","500","27005","8"
"2016-03-30","0","1214055","432","2813","27005","45"
"2016-03-29","0.23","54000","432","125","27000","2"
"2016-03-24","-7.51","26915","431","63","26915","1"
"2016-03-23","-7.36","261855","466","563","29095","9"
"2016-03-21","-7.54","125800","503","250","31450","4"
"2016-02-19","-2.86","408000","544","750","34000","12"
"2016-02-16","-2.78","3887070","560","6938","35000","111"
"2016-02-15","1.41","5400000","576","9375","36000","150"
"2016-01-25","-4.05","1206000","568","2063","35500","33"
"2016-01-15","5.71","222000","592","375","37000","6"
"2016-01-12","0","350000","560","625","35000","10"
"2016-01-08","6.06","2380000","560","4250","35000","68"
"2015-12-31","6.45","2125000","528","4063","33000","65"
"2015-12-08","0","403000","496","813","31000","13"
"2015-12-07","4.86","310000","496","625","31000","10"
"2015-12-04","5.11","3783680","473","8000","29560","128"
"2015-12-03","-4.86","140500","450","313","28100","5"
"2015-12-02","1.94","2246560","473","4750","29560","76"
"2015-12-01","5.45","3712000","464","8000","29000","128"
"2015-11-03","0","27500","440","63","27500","1"
"2015-10-30","0","110000","440","250","27500","4"
"2015-10-14","0","220000","440","500","27500","8"
"2015-10-08","0","82500","440","188","27500","3"
"2015-09-28","0.46","2758660","440","6313","27500","101"
"2015-09-25","-0.45","54790","438","125","27395","2"
"2015-09-22","0","1099900","440","2500","27500","40"
"2015-09-09","0","137500","440","313","27500","5"
"2015-08-25","0","522500","440","1188","27500","19"
"2015-08-20","0","687500","440","1563","27500","25"
"2015-08-18","0","302465","440","688","27500","11"
"2015-08-14","-0.68","55000","440","125","27500","2"
"2015-08-12","0","27700","443","63","27700","1"
"2015-08-06","0","193900","443","438","27700","7"
"2015-07-24","0","221600","443","500","27700","8"
"2015-07-23","0","277000","443","625","27700","10"
"2015-06-26","-6.93","87200","443","188","27700","3"
"2015-06-24","0","59500","476","125","29750","2"
"2015-06-15","7.45","1100750","476","2313","29750","37"
"2015-06-04","7.26","27700","443","63","27700","1"
"2015-06-01","7.55","335530","413","813","25810","13"
"2015-04-01","0","24010","384","63","24010","1"
"2015-03-30","-2.04","48020","384","125","24010","2"
"2015-03-20","2.08","48960","392","125","24480","2"
"2015-02-24","0","120000","384","313","24000","5"
"2015-02-11","4.35","1632000","384","4250","24000","68"
"2015-01-14","-3.66","1449000","368","3938","23000","63"
"2015-01-09","0.26","646950","382","1688","23850","27"
"2015-01-07","0","71505","381","188","23835","3"
"2014-12-29","0","71505","381","188","23835","3"
"2014-12-26","-2.06","621650","381","1625","23835","26"
"2014-12-23","0","24320","389","63","24320","1"
"2014-12-17","1.3","72960","389","188","24320","3"
"2014-12-15","-1.29","480000","384","1250","24000","20"
"2014-12-12","0","48640","389","125","24320","2"
"2014-12-11","0","24320","389","63","24320","1"
"2014-11-28","0","753920","389","1938","24320","31"
"2014-11-10","-7.6","72960","389","188","24320","3"
"2014-11-03","-1.86","525800","421","1250","26290","20"
"2014-10-15","-7.54","215300","429","500","26825","8"
"2014-10-01","0","29000","464","63","29000","1"
"2014-09-24","3.57","58000","464","125","29000","2"
"2014-09-12","0","224000","448","500","28000","8"
"2014-09-10","-0.22","1540000","448","3438","28000","55"
"2014-09-09","-7.61","421200","449","938","28080","15"
"2014-07-10","0","121420","486","250","30355","4"
"2014-06-10","0","91065","486","188","30355","3"
"2014-06-06","7.52","60710","486","125","30355","2"
"2014-05-15","-7.38","28240","452","63","28240","1"
"2014-05-13","-7.58","1068375","488","2188","30525","35"
"2014-04-16","0","231000","528","438","33000","7"
"2014-03-24","-0.94","2970000","528","5625","33000","90"
"2014-03-12","0.95","833250","533","1563","33330","25"
"2014-02-26","0","1650000","528","3125","33000","50"
"2014-02-07","0","495000","528","938","33000","15"
"2014-02-06","0","33000","528","63","33000","1"
"2014-02-04","-0.94","495000","528","938","33000","15"
"2014-01-28","-7.47","133200","533","250","33300","4"
"2013-12-20","0","468000","576","813","36000","13"
"2013-12-19","0","468000","576","813","36000","13"
"2013-12-18","0","36000","576","63","36000","1"
"2013-12-17","-0.35","684000","576","1188","36000","19"
"2013-12-09","0","36100","578","63","36100","1"
"2013-12-06","-1.03","36100","578","63","36100","1"
"2013-12-02","1.21","36500","584","63","36500","1"
"2013-11-21","-7.53","36075","577","63","36075","1"
"2013-11-05","0","351000","624","563","39000","9"
"2013-10-31","0","390000","624","625","39000","10"
"2013-10-30","0","156000","624","250","39000","4"
"2013-10-22","0","1638000","624","2625","39000","42"
"2013-10-03","0","1169995","624","1875","39000","30"
"2013-10-02","-0.48","38995","624","63","38995","1"
"2013-09-27","-2.03","313600","627","500","39200","8"
"2013-09-25","0","400000","640","625","40000","10"
"2013-09-24","0.63","80000","640","125","40000","2"
"2013-09-18","7.43","1193250","636","1875","39775","30"
"2013-09-16","1.37","222000","592","375","37000","6"
"2013-09-13","0","109515","584","188","36505","3"
"2013-09-02","5.23","2007775","584","3438","36505","55"
"2013-08-26","0","727965","555","1313","34665","21"
"2013-08-19","0","1351935","555","2438","34665","39"
"2013-08-16","0","450645","555","813","34665","13"
"2013-08-05","0","1005285","555","1813","34665","29"
"2013-08-02","7.56","346650","555","625","34665","10"
"2013-07-29","7.5","3225000","516","6250","32250","100"
"2013-07-22","0","3000000","480","6250","30000","100"
"2013-07-19","-2.04","1410000","480","2938","30000","47"
"2013-07-18","7.46","306350","490","625","30635","10"
"2013-07-16","2.47","2935500","456","6438","28500","103"
"2013-07-09","6.97","222400","445","500","27800","8"
"2013-07-05","5.32","208000","416","500","26000","8"
"2013-07-01","0","123500","395","313","24700","5"
"2013-06-25","7.34","197600","395","500","24700","8"
"2013-06-18","0","207000","368","563","23000","9"
"2013-06-13","0","184000","368","500","23000","8"
"2013-06-11","0","115000","368","313","23000","5"
"2013-05-29","0","460000","368","1250","23000","20"
"2013-04-17","1.94","4784000","368","13000","23000","208"
"2013-04-04","0","903200","361","2500","22580","40"
"2013-03-29","0","135450","361","375","22575","6"
"2013-03-18","7.44","225750","361","625","22575","10"
"2013-03-13","0","336000","336","1000","21000","16"
"2013-03-08","0","147000","336","438","21000","7"
"2013-03-07","0","42000","336","125","21000","2"
"2013-02-21","0","315000","336","938","21000","15"
"2013-02-20","0","210000","336","625","21000","10"
"2013-02-13","0","399000","336","1188","21000","19"
"2013-02-12","0","231000","336","688","21000","11"
"2013-01-17","0","168000","336","500","21000","8"
"2013-01-08","0","42000","336","125","21000","2"
"2012-12-18","0","105000","336","313","21000","5"
"2012-12-12","5","2037000","336","6063","21000","97"
"2012-12-06","0","200000","320","625","20000","10"
"2012-12-04","-2.44","240000","320","750","20000","12"
"2012-11-28","0","246000","328","750","20500","12"
"2012-10-23","0","184500","328","563","20500","9"
"2012-10-19","0","41000","328","125","20500","2"
"2012-09-18","0","2050000","328","6250","20500","100"
"2012-09-10","0","184500","328","563","20500","9"
"2012-08-30","0","123000","328","375","20500","6"
"2012-08-23","2.5","410000","328","1250","20500","20"
"2012-07-13","0","100000","320","313","20000","5"
"2012-06-25","0","160000","320","500","20000","8"
"2012-06-21","0","80000","320","250","20000","4"
"2012-06-20","0","100000","320","313","20000","5"
"2012-06-11","0","160000","320","500","20000","8"
"2012-05-23","0","60000","320","188","20000","3"
"2012-05-18","0","20000","320","63","20000","1"
"2012-05-14","0","180000","320","563","20000","9"
"2012-05-10","17.65","2000000","320","6250","20000","100"
"2012-04-06","0","136000","272","500","17000","8"
"2012-03-08","0","17000","272","63","17000","1"
"2012-02-23","0","289000","272","1063","17000","17"
"2012-02-22","0","51015","272","188","17005","3"
"2012-02-21","0","272080","272","1000","17005","16"
"2011-12-19","0","799000","272","2938","17000","47"
"2011-12-16","0","1870000","272","6875","17000","110"
"2011-12-15","0","1819000","272","6688","17000","107"
"2011-12-14","-5.56","1734000","272","6375","17000","102"
"2011-12-09","0","324000","288","1125","18000","18"
"2011-12-08","-10","594000","288","2063","18000","33"
"2011-10-28","0","80000","320","250","20000","4"
"2011-10-13","5.26","1000000","320","3125","20000","50"
"2011-10-12","5.56","950000","304","3125","19000","50"
"2011-10-05","0","90000","288","313","18000","5"
"2011-09-28","0","36000","288","125","18000","2"
"2011-09-21","0","18000","288","63","18000","1"
"2011-09-15","0","144000","288","500","18000","8"
"2011-09-13","0","72000","288","250","18000","4"
"2011-09-12","0","1728000","288","6000","18000","96"
"2011-09-09","0","180000","288","625","18000","10"
"2011-09-08","0","36000","288","125","18000","2"
"2011-09-05","0","180000","288","625","18000","10"
"2011-09-02","-1.03","720000","288","2500","18000","40"
"2011-09-01","0","910000","291","3125","18200","50"
"2011-08-31","-7.62","273000","291","938","18200","15"
"2011-08-25","-14.4","787000","315","2500","19675","40"
"2011-08-05","0","69000","368","188","23000","3"
"2011-08-02","0","23000","368","63","23000","1"
"2011-07-29","0","230000","368","625","23000","10"
"2011-07-26","0","1725000","368","4688","23000","75"
"2011-02-08","-6.12","621000","368","1688","23000","27"
"2011-01-26","-1.26","245000","392","625","24500","10"
"2010-11-02","7.01","198400","397","500","24800","8"
"2010-10-18","-7.25","185720","371","500","23215","8"
"2010-10-15","-3.38","1300000","400","3250","25000","52"
"2010-10-14","0","1087800","414","2625","25900","42"
"2010-10-13","-0.48","2590000","414","6250","25900","100"
"2010-10-08","0","156000","416","375","26000","6"
"2010-10-07","0","5382000","416","12938","26000","207"
"2010-10-01","0","3224000","416","7750","26000","124"
"2010-09-30","-3.7","8320000","416","20000","26000","320"
"2010-09-27","-6.9","378000","432","875","27000","14"
"2010-08-26","0","377000","464","813","29000","13"
"2010-08-04","0","13659000","464","29438","29000","471"
"2010-08-03","0","5829000","464","12563","29000","201"
"2010-08-02","0","4350000","464","9375","29000","150"
"2010-07-29","0","29000","464","63","29000","1"
"2010-07-26","0","14500000","464","31250","29000","500"
"2010-03-16","-0.85","1392000","464","3000","29000","48"
"2009-12-02","0","29250","468","63","29250","1"
"2009-10-27","0","175500","468","375","29250","6"
"2009-10-22","0","585000","468","1250","29250","20"
"2009-10-09","-1.27","614250","468","1313","29250","21"
"2009-08-31","0","29595","474","63","29595","1"
"2009-08-26","0","1479750","474","3125","29595","50"
"2009-08-18","0","118380","474","250","29595","4"
"2009-08-17","0","473520","474","1000","29595","16"
"2009-07-14","0","1006400","474","2125","29600","34"
"2009-07-13","-7.42","444000","474","938","29600","15"
"2009-06-24","0","320000","512","625","32000","10"
"2009-06-22","0","640000","512","1250","32000","20"
"2009-06-17","-7.25","6080000","512","11875","32000","190"
"2009-03-20","-1.43","517500","552","938","34500","15"
"2009-03-16","-1.41","349950","560","625","34995","10"
"2009-03-06","0","35500","568","63","35500","1"
"2009-03-04","0","355000","568","625","35500","10"
"2009-02-16","-5.49","710000","568","1250","35500","20"
"2008-11-13","0","751100","601","1250","37555","20"
"2008-10-31","0","450660","601","750","37555","12"
"2008-10-29","7.51","4506600","601","7500","37555","120"
"2008-10-27","7.5","698700","559","1250","34935","20"
"2008-10-07","0","130000","520","250","32500","4"
"2008-10-03","0","97500","520","188","32500","3"
"2008-10-02","1.56","325000","520","553625","32500","8858"
"2008-09-10","0","32005","512","63","32005","1"
"2008-08-29","1.19","384060","512","750","32005","12"
"2008-08-13","0.4","853200","506","1688","31600","27"
"2008-07-04","5","378060","504","750","31505","12"
"2008-06-27","0","150000","480","313","30000","5"
"2008-06-17","0","30000","480","63","30000","1"
"2008-06-13","0","60000","480","125","30000","2"
"2008-05-30","1.27","2640000","480","5500","30000","88"
"2008-05-13","0","2604800","474","5500","29600","88"
"2008-04-15","0","266400","474","563","29600","9"
"2008-03-13","2.16","76072000","474","160625","29600","2570"
"2008-03-12","1.53","348000","464","750","29000","12"
"2008-03-11","7.28","714000","457","1563","28560","25"
"2008-03-05","2.4","266000","426","625","26600","10"
"2008-02-05","4","1248240","416","3000","26005","48"
"2007-12-28","0","375000","400","938","25000","15"
"2007-10-31","0","200200","400","500","25025","8"
"2007-08-23","0","125075","400","313","25015","5"
"2007-08-22","0","625375","400","1563","25015","25"
"2007-08-10","0","50000","400","125","25000","2"
"2007-08-08","0","25000","400","63","25000","1"
"2007-08-02","8.4","200000","400","500","25000","8"
"2007-07-12","0","23050","369","63","23050","1"
"2007-06-21","0","46100","369","125","23050","2"
"2007-06-18","0","253550","369","688","23050","11"
"2007-04-27","0","645400","369","1750","23050","28"
"2007-04-25","0.27","875900","369","2375","23050","38"
"2007-03-19","0","23000","368","63","23000","1"
"2007-01-18","0","23000","368","63","23000","1"
"2006-12-29","0","230000","368","625","23000","10"
"2006-12-28","0","184000","368","504313","23000","8069"
"2006-12-05","-4.17","36754000","368","99875","23000","1598"
"2006-11-21","0","24000","384","63","24000","1"
"2006-09-26","0","240000","384","625","24000","10"
"2006-09-04","0","4992000","384","13000","24000","208"
"2006-07-26","0","480000","384","1250","24000","20"
"2006-06-23","0","1200000","384","3125","24000","50"
"2006-05-31","-3.52","288000","384","750","24000","12"
"2006-05-30","0","49800","398","125","24900","2"
"2006-05-17","7.28","498000","398","1250","24900","20"
"2006-05-11","-7.25","440800","371","1188","23200","19"
"2006-05-05","-7.41","1099120","400","2750","24980","44"
"2006-05-04","-6.9","1620000","432","3750","27000","60"
"2006-05-03","-6.45","1450000","464","3125","29000","50"
"2006-04-26","-3.13","1549750","496","3125","30995","50"
"2006-04-18","0","127960","512","250","31990","4"
"2006-03-13","0","159950","512","313","31990","5"
"2006-02-28","0","2751140","512","5375","31990","86"
"2006-02-03","0","64000","512","125","32000","2"
"2005-12-30","0","832000","512","2031375","32000","32502"
"2005-11-24","2.61","1568000","512","250563","32000","4009"
"2005-11-23","7.54","311750","499","625","31175","10"
"2005-10-05","0","87000","464","188","29000","3"
"2005-09-15","-9.38","232000","464","500","29000","8"
"2005-08-26","0","95985","512","188","31995","3"
"2005-08-24","0","6814935","512","13313","31995","213"
"2005-08-23","0","121632000","512","237563","32000","3801"
"2005-08-01","0","32000","512","63","32000","1"
"2005-07-25","2.61","2368000","512","78563","32000","1257"
"2005-07-22","0","685850","499","1375","31175","22"
"2005-07-21","7.54","2868100","499","5750","31175","92"
"2005-07-20","0","232000","464","500","29000","8"
"2005-06-22","-9.38","290000","464","625","29000","10"
"2005-03-29","-5.88","512000","512","1000","32000","16"
"2005-03-04","0","1088000","544","2000","34000","32"
"2004-12-31","-5.56","1666000","544","3063","34000","49"
"2003-12-31","0","1908000","576","3313","36000","53"
"2003-11-24","0","72000","576","125","36000","2"
"2003-10-15","0","72000","576","125","36000","2"
"2002-12-31","0","6300000","576","10938","36000","175"
"2002-12-30","0","36000","576","63","36000","1"
"2002-11-05","0","828000","576","1438","36000","23"
"2002-07-05","0","72000","576","125","36000","2"
"2002-06-24","0","1944000","576","3375","36000","54"
"2002-06-07","0","1944000","576","3375","36000","54"
"2002-04-23","0","72000","576","125","36000","2"
"2002-04-22","0","468000","576","813","36000","13"
"2002-04-03","0","36000","576","63","36000","1"
"2002-03-26","0","216000000","576","375000","36000","6000"
"2002-03-06","0","36000","576","63","36000","1"
"2001-12-31","0","1764000","576","3063","36000","49"
"2001-09-21","0","144000","576","250","36000","4"
"2001-09-05","0","144000","576","250","36000","4"
"2001-04-20","0","1080000","576","1875","36000","30"
"2001-03-26","0","288000","576","500","36000","8"
"2001-02-14","0","72000","576","125","36000","2"
"2000-12-29","0","144000","576","250","36000","4"
"2000-12-15","0","180000","576","313","36000","5"
"2000-11-29","0","360000","576","625","36000","10"
"2000-11-17","0","180000","576","313","36000","5"
"2000-11-16","0","14652000","576","25438","36000","407"
"2000-11-08","0","180000","576","313","36000","5"
"2000-09-15","0","144000","576","250","36000","4"
"2000-09-13","-2.7","828000","576","1438","36000","23"
"2000-09-08","-2.63","1480000","592","2500","37000","40"
"2000-09-01","0","76000","608","125","38000","2"
"2000-08-30","0","76000","608","125","38000","2"
"2000-08-23","0","266000","608","438","38000","7"
"2000-08-18","0","342000","608","563","38000","9"
"2000-07-17","0","190000","608","313","38000","5"
"2000-07-12","0","1216000","608","2000","38000","32"
"2000-07-10","-11.63","1444000","608","2375","38000","38"
"2000-02-11","0","301000","688","438","43000","7"
"2000-02-04","-8.14","387000","688","563","43000","9"
"1999-12-31","0","234050","749","313","46810","5"
"1999-08-30","-0.13","702150","749","938","46810","15"
"1999-08-27","-0.27","3048500","750","4063","46900","65"
"1999-08-25","-4.08","6815000","752","9063","47000","145"
"1999-08-20","-10.91","6860000","784","8750","49000","140"
"1999-04-30","-1.57","5720000","880","6500","55000","104"
"1999-04-02","0","559000","894","625","55900","10"
"1999-03-26","7.45","1118000","894","1250","55900","20"
"1999-03-24","0","4576000","832","5500","52000","88"
"1999-02-26","-1.89","520000","832","625","52000","10"
"1998-12-23","0","274487000","848","323688","53000","5179"
"1998-12-11","6","848000","848","1000","53000","16"
"1998-11-25","0.63","2350000","800","2938","50000","47"
"1998-10-30","-15.78","3081400","795","3875","49700","62"
"1998-10-23","1.72","2242000","944","2375","59000","38"
"1998-10-21","0","1160000","928","1250","58000","20"
"1998-10-14","6.42","522000","928","563","58000","9"
"1998-10-07","6.86","7030500","872","8063","54500","129"
"1998-10-02","3.82","102000","816","125","51000","2"
"1998-09-23","","49100","786","63","49100","1"
